{
  "seed": 202,
  "ppo_env_config": {
    "obs_top_k": 5,
    "max_steps": 120,
    "dt_minutes": 5.0,
    "start_soc_range": [
      0.1,
      0.3
    ],
    "trip_distance_km_range": [
      12.0,
      25.0
    ],
    "default_battery_kwh": 60.0,
    "default_kwh_per_km": 0.18,
    "value_of_time_per_min": 0.05,
    "charge_efficiency": 0.92,
    "charge_session_overhead_min": 3.0,
    "traffic_mode": "none",
    "traffic_peak_factor_am": 1.6,
    "traffic_peak_factor_pm": 1.5,
    "traffic_offpeak_factor": 1.0,
    "prefer": "time",
    "success_bonus": 50.0,
    "strand_penalty": 200.0,
    "invalid_action_penalty": 2.0,
    "rng_seed": null,
    "use_sumo_drive": true,
    "sumo_net_path": "D:\\Masters\\AI_Group_Project\\Actual Datasets\\ev_charging_rl_project\\london_inner.net.xml",
    "sumo_gui": false,
    "sumo_step_length_s": 1.0,
    "sumo_mode": "route_time",
    "sumo_vehicle_type": "passenger",
    "disallow_repeat_station": true,
    "max_charges_per_trip": 2,
    "min_charge_gap_min": 12.0,
    "penalty_repeat": -5.0,
    "penalty_overlimit": -20.0,
    "penalty_cooldown": -5.0,
    "terminate_on_overlimit": true
  },
  "algo": "PPO",
  "hyperparams": {
    "n_steps": 1024,
    "batch_size": 1024,
    "learning_rate": 0.0003,
    "gamma": 0.995,
    "gae_lambda": 0.95,
    "clip_range": 0.2,
    "ent_coef": 0.1,
    "max_grad_norm": 0.5
  }
}