{
  "seed": 42,
  "ppo_env_config": {
    "obs_top_k": 5,
    "max_steps": 120,
    "dt_minutes": 5.0,
    "start_soc_range": [
      0.1,
      0.3
    ],
    "trip_distance_km_range": [
      12.0,
      25.0
    ],
    "default_battery_kwh": 60.0,
    "default_kwh_per_km": 0.18,
    "value_of_time_per_min": 0.05,
    "charge_efficiency": 0.92,
    "prefer": "hybrid",
    "success_bonus": 50.0,
    "strand_penalty": 200.0,
    "invalid_action_penalty": 2.0,
    "rng_seed": null
  },
  "algo": "PPO",
  "hyperparams": {
    "n_steps": 1024,
    "batch_size": 1024,
    "learning_rate": 0.0003,
    "gamma": 0.995,
    "gae_lambda": 0.95,
    "clip_range": 0.2,
    "ent_coef": 0.1,
    "max_grad_norm": 0.5
  }
}