time_s,timesteps,episode_steps,total_minutes,total_cost_gbp,success,stranded,soc_final,remaining_km,charge_events
1756830162,60,0,0.0,0.0,0,0,0.0429,13.039,0
1756830162,120,0,0.0,0.0,0,0,0.08,8.441,0
1756830162,180,0,0.0,0.0,0,0,0.0581,4.699,0
1756830162,240,0,0.0,0.0,0,0,0.037000000000000005,15.307,0
1756830163,300,0,0.0,0.0,0,0,0.0866,7.153,0
1756830163,360,0,0.0,0.0,0,0,0.0339,4.933,0
1756830163,420,0,0.0,0.0,0,0,0.07690000000000001,9.59,0
1756830163,480,0,0.0,0.0,0,0,0.0375,2.712,0
1756830163,534,0,0.0,0.0,0,0,0.0967,6.592,0
1756830164,594,0,0.0,0.0,0,0,0.061500000000000006,6.855,0
1756830164,654,0,0.0,0.0,0,0,0.0682,8.015,0
1756830164,714,0,0.0,0.0,0,0,0.17489999999999997,3.226,0
1756830164,774,0,0.0,0.0,0,0,0.18510000000000001,3.312,0
1756830165,834,0,0.0,0.0,0,0,0.0941,5.272,0
1756830165,894,0,0.0,0.0,0,0,0.1045,2.967,0
1756830165,927,0,0.0,0.0,0,0,0.1052,7.396,0
1756830165,987,0,0.0,0.0,0,0,0.050300000000000004,8.172,0
1756830166,1047,0,0.0,0.0,0,0,0.10039999999999999,4.973,0
1756830166,1107,0,0.0,0.0,0,0,0.0756,6.252,0
1756830166,1167,0,0.0,0.0,0,0,0.0572,13.085,0
1756830166,1227,0,0.0,0.0,0,0,0.0953,18.0,0
1756830167,1287,0,0.0,0.0,0,0,0.0394,8.013,0
1756830167,1347,0,0.0,0.0,0,0,0.10279999999999999,7.816,0
1756830167,1407,0,0.0,0.0,0,0,0.1118,2.646,0
1756830167,1444,0,0.0,0.0,0,0,0.07150000000000001,3.491,0
1756830168,1477,0,0.0,0.0,0,0,0.11869999999999999,5.845,0
1756830168,1537,0,0.0,0.0,0,0,0.0395,18.453,0
1756830168,1597,0,0.0,0.0,0,0,0.08220000000000001,18.653,0
1756830168,1657,0,0.0,0.0,0,0,0.0794,5.043,0
1756830169,1717,0,0.0,0.0,0,0,0.039,9.534,0
1756830169,1777,0,0.0,0.0,0,0,0.0305,11.382,0
1756830169,1837,0,0.0,0.0,0,0,0.0365,13.394,0
1756830169,1897,0,0.0,0.0,0,0,0.0669,10.561,0
1756830170,1957,0,0.0,0.0,0,0,0.0765,4.905,0
1756830170,2016,0,0.0,0.0,0,0,0.215,2.176,0
1756830170,2048,0,0.0,0.0,0,0,0.091,2.979,0
1756830171,2098,0,0.0,0.0,0,0,0.060599999999999994,6.102,0
1756830171,2158,0,0.0,0.0,0,0,0.1585,7.199,0
1756830171,2218,0,0.0,0.0,0,0,0.07139999999999999,6.491,0
1756830171,2278,0,0.0,0.0,0,0,0.0731,5.465,0
1756830171,2338,0,0.0,0.0,0,0,0.1054,4.636,0
1756830172,2396,0,0.0,0.0,0,0,0.0906,1.928,0
1756830172,2414,0,0.0,0.0,0,0,0.0973,4.868,0
1756830172,2474,0,0.0,0.0,0,0,0.0799,11.71,0
1756830172,2534,0,0.0,0.0,0,0,0.08689999999999999,10.142,0
1756830173,2594,0,0.0,0.0,0,0,0.1127,9.298,0
1756830173,2654,0,0.0,0.0,0,0,0.0412,8.369,0
1756830173,2714,0,0.0,0.0,0,0,0.1018,6.491,0
1756830173,2774,0,0.0,0.0,0,0,0.0462,3.926,0
1756830174,2834,0,0.0,0.0,0,0,0.0761,15.584,0
1756830174,2894,0,0.0,0.0,0,0,0.0646,2.362,0
1756830174,2929,0,0.0,0.0,0,0,0.09720000000000001,6.291,0
1756830174,2989,0,0.0,0.0,0,0,0.04650000000000001,18.27,0
1756830175,3049,0,0.0,0.0,0,0,0.1503,8.235,0
1756830175,3109,0,0.0,0.0,0,0,0.1925,11.687,0
1756830175,3169,0,0.0,0.0,0,0,0.0877,6.146,0
1756830176,3229,0,0.0,0.0,0,0,0.0591,11.309,0
1756830176,3289,0,0.0,0.0,0,0,0.04769999999999999,2.842,0
1756830176,3340,0,0.0,0.0,0,0,0.0574,6.795,0
1756830176,3400,0,0.0,0.0,0,0,0.042800000000000005,6.065,0
1756830176,3460,0,0.0,0.0,0,0,0.0645,2.644,0
1756830177,3501,0,0.0,0.0,0,0,0.049100000000000005,12.983,0
1756830177,3561,0,0.0,0.0,0,0,0.053399999999999996,6.768,0
1756830177,3621,0,0.0,0.0,0,0,0.1518,9.617,0
1756830178,3681,0,0.0,0.0,0,0,0.11460000000000001,2.635,0
1756830178,3733,0,0.0,0.0,0,0,0.1128,6.273,0
1756830178,3793,0,0.0,0.0,0,0,0.049,5.119,0
1756830178,3853,0,0.0,0.0,0,0,0.0713,14.57,0
1756830178,3913,0,0.0,0.0,0,0,0.08990000000000001,6.235,0
1756830179,3973,0,0.0,0.0,0,0,0.08380000000000001,5.952,0
1756830179,4033,0,0.0,0.0,0,0,0.07440000000000001,11.928,0
1756830179,4093,0,0.0,0.0,0,0,0.09759999999999999,4.789,0
1756830180,4149,0,0.0,0.0,0,0,0.11710000000000001,8.195,0
1756830180,4209,0,0.0,0.0,0,0,0.0475,1.73,0
1756830180,4250,0,0.0,0.0,0,0,0.113,4.425,0
1756830180,4310,0,0.0,0.0,0,0,0.033,5.373,0
1756830181,4370,0,0.0,0.0,0,0,0.09029999999999999,1.328,0
1756830181,4388,0,0.0,0.0,0,0,0.0362,7.526,0
1756830181,4448,0,0.0,0.0,0,0,0.0978,10.282,0
1756830181,4508,0,0.0,0.0,0,0,0.1182,3.568,0
1756830181,4553,0,0.0,0.0,0,0,0.09369999999999999,4.416,0
1756830182,4587,0,0.0,0.0,0,0,0.1191,8.386,0
1756830182,4647,0,0.0,0.0,0,0,0.0692,8.613,0
1756830182,4707,0,0.0,0.0,0,0,0.2159,11.338,0
1756830183,4767,0,0.0,0.0,0,0,0.1133,3.494,0
1756830183,4803,0,0.0,0.0,0,0,0.0322,1.885,0
1756830183,4838,0,0.0,0.0,0,0,0.0421,3.547,0
1756830183,4880,0,0.0,0.0,0,0,0.1161,9.508,0
1756830184,4940,0,0.0,0.0,0,0,0.2101,5.904,0
1756830184,5000,0,0.0,0.0,0,0,0.038599999999999995,9.476,0
1756830184,5060,0,0.0,0.0,0,0,0.1185,8.82,0
1756830184,5120,0,0.0,0.0,0,0,0.10439999999999999,0.633,0
1756830185,5132,0,0.0,0.0,0,0,0.06509999999999999,7.613,0
1756830185,5192,0,0.0,0.0,0,0,0.095,9.316,0
1756830185,5252,0,0.0,0.0,0,0,0.0646,9.345,0
1756830185,5312,0,0.0,0.0,0,0,0.0554,2.922,0
1756830186,5367,0,0.0,0.0,0,0,0.09970000000000001,6.82,0
1756830186,5427,0,0.0,0.0,0,0,0.0698,11.563,0
1756830186,5487,0,0.0,0.0,0,0,0.046799999999999994,9.884,0
1756830187,5547,0,0.0,0.0,0,0,0.1035,4.837,0
1756830187,5607,0,0.0,0.0,0,0,0.1092,3.34,0
1756830187,5658,0,0.0,0.0,0,0,0.11019999999999999,9.432,0
1756830187,5718,0,0.0,0.0,0,0,0.099,5.56,0
1756830188,5778,0,0.0,0.0,0,0,0.0868,2.683,0
1756830188,5815,0,0.0,0.0,0,0,0.0635,5.824,0
1756830188,5875,0,0.0,0.0,0,0,0.046,9.178,0
1756830188,5935,0,0.0,0.0,0,0,0.0902,5.744,0
1756830189,5995,0,0.0,0.0,0,0,0.048,13.699,0
1756830189,6055,0,0.0,0.0,0,0,0.048,13.737,0
1756830189,6115,0,0.0,0.0,0,0,0.0784,3.759,0
1756830190,6166,0,0.0,0.0,0,0,0.0832,5.281,0
1756830190,6226,0,0.0,0.0,0,0,0.1199,8.341,0
1756830190,6286,0,0.0,0.0,0,0,0.1572,11.068,0
1756830191,6346,0,0.0,0.0,0,0,0.0964,4.114,0
1756830191,6402,0,0.0,0.0,0,0,0.1161,8.748,0
1756830191,6462,0,0.0,0.0,0,0,0.0787,7.703,0
1756830191,6522,0,0.0,0.0,0,0,0.111,12.012,0
1756830192,6582,0,0.0,0.0,0,0,0.0401,18.134,0
1756830192,6642,0,0.0,0.0,0,0,0.0642,14.157,0
1756830192,6702,0,0.0,0.0,0,0,0.0519,11.134,0
1756830192,6762,0,0.0,0.0,0,0,0.0387,7.635,0
1756830193,6822,0,0.0,0.0,0,0,0.1,6.678,0
1756830193,6882,0,0.0,0.0,0,0,0.16210000000000002,6.255,0
1756830193,6942,0,0.0,0.0,0,0,0.0909,3.312,0
1756830193,6987,0,0.0,0.0,0,0,0.0955,10.896,0
1756830194,7047,0,0.0,0.0,0,0,0.21780000000000002,11.67,0
1756830194,7107,0,0.0,0.0,0,0,0.044800000000000006,8.191,0
1756830194,7167,0,0.0,0.0,0,0,0.2084,7.85,0
1756830195,7227,0,0.0,0.0,0,0,0.2495,6.114,0
1756830195,7287,0,0.0,0.0,0,0,0.0541,1.808,0
1756830195,7326,0,0.0,0.0,0,0,0.1452,5.957,0
1756830195,7386,0,0.0,0.0,0,0,0.08810000000000001,7.913,0
1756830196,7446,0,0.0,0.0,0,0,0.0823,8.292,0
1756830196,7506,0,0.0,0.0,0,0,0.1246,10.568,0
1756830196,7566,0,0.0,0.0,0,0,0.0735,5.533,0
1756830197,7626,0,0.0,0.0,0,0,0.07719999999999999,4.154,0
1756830197,7684,0,0.0,0.0,0,0,0.1948,8.77,0
1756830197,7744,0,0.0,0.0,0,0,0.09,6.232,0
1756830197,7804,0,0.0,0.0,0,0,0.1266,6.72,0
1756830198,7864,0,0.0,0.0,0,0,0.10289999999999999,5.331,0
1756830198,7924,0,0.0,0.0,0,0,0.0885,5.006,0
1756830198,7984,0,0.0,0.0,0,0,0.0782,9.251,0
1756830199,8044,0,0.0,0.0,0,0,0.0707,8.97,0
1756830199,8104,0,0.0,0.0,0,0,0.10980000000000001,3.227,0
1756830199,8146,0,0.0,0.0,0,0,0.0622,7.822,0
1756830200,8206,0,0.0,0.0,0,0,0.10210000000000001,4.631,0
1756830200,8266,0,0.0,0.0,0,0,0.2177,6.644,0
1756830200,8326,0,0.0,0.0,0,0,0.0369,12.484,0
1756830200,8386,0,0.0,0.0,0,0,0.1174,8.01,0
1756830200,8446,0,0.0,0.0,0,0,0.0529,1.657,0
1756830201,8464,0,0.0,0.0,0,0,0.11560000000000001,9.433,0
1756830201,8524,0,0.0,0.0,0,0,0.0836,6.501,0
1756830201,8584,0,0.0,0.0,0,0,0.1114,8.066,0
1756830201,8644,0,0.0,0.0,0,0,0.094,3.682,0
1756830202,8696,0,0.0,0.0,0,0,0.1015,0.509,0
1756830202,8725,0,0.0,0.0,0,0,0.0417,0.362,0
1756830202,8732,0,0.0,0.0,0,0,0.0771,4.396,0
1756830202,8788,0,0.0,0.0,0,0,0.052000000000000005,18.266,0
1756830202,8848,0,0.0,0.0,0,0,0.0788,5.57,0
1756830203,8908,0,0.0,0.0,0,0,0.0613,13.366,0
1756830203,8968,0,0.0,0.0,0,0,0.047,18.048,0
1756830203,9028,0,0.0,0.0,0,0,0.0637,4.097,0
1756830204,9088,0,0.0,0.0,0,0,0.1472,7.404,0
1756830204,9148,0,0.0,0.0,0,0,0.0341,10.791,0
1756830204,9208,0,0.0,0.0,0,0,0.0987,7.788,0
1756830204,9268,0,0.0,0.0,0,0,0.0803,11.36,0
1756830205,9328,0,0.0,0.0,0,0,0.0862,0.655,0
1756830205,9338,0,0.0,0.0,0,0,0.2115,3.78,0
1756830205,9387,0,0.0,0.0,0,0,0.2102,15.751,0
1756830205,9447,0,0.0,0.0,0,0,0.0565,15.422,0
1756830206,9507,0,0.0,0.0,0,0,0.08529999999999999,10.134,0
1756830206,9567,0,0.0,0.0,0,0,0.0916,9.447,0
1756830206,9627,0,0.0,0.0,0,0,0.031200000000000002,5.661,0
1756830207,9687,0,0.0,0.0,0,0,0.0337,18.129,0
1756830207,9747,0,0.0,0.0,0,0,0.07690000000000001,13.643,0
1756830207,9807,0,0.0,0.0,0,0,0.08990000000000001,8.769,0
1756830207,9867,0,0.0,0.0,0,0,0.1051,11.053,0
1756830208,9927,0,0.0,0.0,0,0,0.1114,18.798,0
1756830208,9987,0,0.0,0.0,0,0,0.1076,1.886,0
1756830208,10002,0,0.0,0.0,0,0,0.094,10.652,0
1756830208,10062,0,0.0,0.0,0,0,0.09939999999999999,18.048,0
1756830209,10122,0,0.0,0.0,0,0,0.0599,6.255,0
1756830209,10182,0,0.0,0.0,0,0,0.0572,8.004,0
1756830209,10242,0,0.0,0.0,0,0,0.11630000000000001,10.006,0
1756830210,10302,0,0.0,0.0,0,0,0.17059999999999997,10.229,0
1756830210,10362,0,0.0,0.0,0,0,0.04650000000000001,7.046,0
1756830210,10422,0,0.0,0.0,0,0,0.0524,7.389,0
1756830211,10482,0,0.0,0.0,0,0,0.053,6.944,0
1756830211,10542,0,0.0,0.0,0,0,0.16079999999999997,10.272,0
1756830211,10602,0,0.0,0.0,0,0,0.1014,7.692,0
1756830211,10662,0,0.0,0.0,0,0,0.1084,4.417,0
1756830212,10717,0,0.0,0.0,0,0,0.0783,15.634,0
1756830212,10777,0,0.0,0.0,0,0,0.0461,9.586,0
1756830212,10837,0,0.0,0.0,0,0,0.0885,5.384,0
1756830212,10897,0,0.0,0.0,0,0,0.0565,8.045,0
1756830213,10957,0,0.0,0.0,0,0,0.1916,15.132,0
1756830213,11017,0,0.0,0.0,0,0,0.08449999999999999,5.355,0
1756830213,11077,0,0.0,0.0,0,0,0.098,6.616,0
1756830213,11137,0,0.0,0.0,0,0,0.0832,6.507,0
1756830214,11197,0,0.0,0.0,0,0,0.0347,6.17,0
1756830214,11257,0,0.0,0.0,0,0,0.09269999999999999,6.681,0
1756830214,11317,0,0.0,0.0,0,0,0.0874,8.728,0
1756830215,11377,0,0.0,0.0,0,0,0.047599999999999996,11.241,0
1756830215,11437,0,0.0,0.0,0,0,0.0475,6.912,0
1756830215,11497,0,0.0,0.0,0,0,0.091,4.376,0
1756830215,11557,0,0.0,0.0,0,0,0.11960000000000001,8.746,0
1756830216,11617,0,0.0,0.0,0,0,0.0315,3.156,0
1756830216,11656,0,0.0,0.0,0,0,0.037000000000000005,2.555,0
1756830216,11687,0,0.0,0.0,0,0,0.0924,2.665,0
1756830216,11715,0,0.0,0.0,0,0,0.1018,9.513,0
1756830217,11775,0,0.0,0.0,0,0,0.0974,4.998,0
1756830217,11835,0,0.0,0.0,0,0,0.1016,0.75,0
1756830217,11841,0,0.0,0.0,0,0,0.0728,8.018,0
1756830217,11901,0,0.0,0.0,0,0,0.0894,8.641,0
1756830218,11961,0,0.0,0.0,0,0,0.053399999999999996,7.095,0
1756830218,12021,0,0.0,0.0,0,0,0.0889,8.756,0
1756830218,12081,0,0.0,0.0,0,0,0.1144,6.708,0
1756830219,12141,0,0.0,0.0,0,0,0.10859999999999999,10.471,0
1756830219,12201,0,0.0,0.0,0,0,0.114,1.376,0
1756830219,12215,0,0.0,0.0,0,0,0.096,4.788,0
1756830219,12275,0,0.0,0.0,0,0,0.0313,18.92,0
1756830220,12335,0,0.0,0.0,0,0,0.042800000000000005,12.233,0
1756830220,12395,0,0.0,0.0,0,0,0.034300000000000004,7.884,0
1756830221,12455,0,0.0,0.0,0,0,0.10060000000000001,1.882,0
1756830221,12475,0,0.0,0.0,0,0,0.0964,2.639,0
1756830221,12532,0,0.0,0.0,0,0,0.07200000000000001,8.254,0
1756830221,12592,0,0.0,0.0,0,0,0.0787,5.556,0
1756830222,12652,0,0.0,0.0,0,0,0.1157,8.771,0
1756830222,12712,0,0.0,0.0,0,0,0.057999999999999996,11.067,0
1756830222,12772,0,0.0,0.0,0,0,0.1159,3.565,0
1756830222,12815,0,0.0,0.0,0,0,0.099,4.385,0
1756830223,12863,0,0.0,0.0,0,0,0.10310000000000001,11.475,0
1756830223,12923,0,0.0,0.0,0,0,0.1405,9.35,0
1756830223,12983,0,0.0,0.0,0,0,0.0437,6.301,0
1756830224,13043,0,0.0,0.0,0,0,0.0837,3.367,0
1756830224,13101,0,0.0,0.0,0,0,0.0907,10.017,0
1756830224,13161,0,0.0,0.0,0,0,0.12480000000000001,13.916,0
1756830224,13221,0,0.0,0.0,0,0,0.04650000000000001,8.31,0
1756830225,13281,0,0.0,0.0,0,0,0.11900000000000001,5.787,0
1756830225,13341,0,0.0,0.0,0,0,0.0916,7.288,0
1756830225,13401,0,0.0,0.0,0,0,0.0579,9.306,0
1756830226,13461,0,0.0,0.0,0,0,0.156,3.824,0
1756830226,13517,0,0.0,0.0,0,0,0.113,8.195,0
1756830226,13577,0,0.0,0.0,0,0,0.055099999999999996,12.257,0
1756830226,13637,0,0.0,0.0,0,0,0.0431,8.299,0
1756830227,13697,0,0.0,0.0,0,0,0.0641,5.154,0
1756830227,13757,0,0.0,0.0,0,0,0.0605,11.066,0
1756830227,13817,0,0.0,0.0,0,0,0.0557,7.312,0
1756830227,13877,0,0.0,0.0,0,0,0.0788,5.579,0
1756830228,13937,0,0.0,0.0,0,0,0.0759,13.401,0
1756830228,13997,0,0.0,0.0,0,0,0.0472,6.947,0
1756830228,14057,0,0.0,0.0,0,0,0.0999,8.9,0
1756830229,14117,0,0.0,0.0,0,0,0.1016,18.086,0
1756830229,14177,0,0.0,0.0,0,0,0.039900000000000005,12.652,0
1756830229,14237,0,0.0,0.0,0,0,0.07690000000000001,10.94,0
1756830230,14297,0,0.0,0.0,0,0,0.0836,5.023,0
1756830230,14357,0,0.0,0.0,0,0,0.2394,12.569,0
1756830230,14417,0,0.0,0.0,0,0,0.0358,18.064,0
1756830231,14477,0,0.0,0.0,0,0,0.10060000000000001,3.866,0
1756830231,14530,0,0.0,0.0,0,0,0.068,18.112,0
1756830231,14590,0,0.0,0.0,0,0,0.0492,5.249,0
1756830231,14650,0,0.0,0.0,0,0,0.0451,3.702,0
1756830232,14692,0,0.0,0.0,0,0,0.10369999999999999,5.997,0
1756830232,14752,0,0.0,0.0,0,0,0.1038,4.451,0
1756830232,14812,0,0.0,0.0,0,0,0.060899999999999996,8.329,0
1756830233,14872,0,0.0,0.0,0,0,0.042300000000000004,8.072,0
1756830233,14932,0,0.0,0.0,0,0,0.1097,9.255,0
1756830233,14992,0,0.0,0.0,0,0,0.0526,13.346,0
1756830233,15052,0,0.0,0.0,0,0,0.08259999999999999,13.081,0
1756830234,15112,0,0.0,0.0,0,0,0.0338,8.039,0
1756830234,15172,0,0.0,0.0,0,0,0.03,5.156,0
1756830234,15232,0,0.0,0.0,0,0,0.0382,15.826,0
1756830235,15292,0,0.0,0.0,0,0,0.08310000000000001,6.709,0
1756830235,15352,0,0.0,0.0,0,0,0.09519999999999999,8.189,0
1756830235,15412,0,0.0,0.0,0,0,0.10369999999999999,4.892,0
1756830235,15472,0,0.0,0.0,0,0,0.13970000000000002,13.383,0
1756830236,15532,0,0.0,0.0,0,0,0.1884,6.861,0
1756830236,15592,0,0.0,0.0,0,0,0.1877,0.158,0
1756830236,15596,0,0.0,0.0,0,0,0.092,5.949,0
1756830236,15656,0,0.0,0.0,0,0,0.0553,5.241,0
1756830237,15716,0,0.0,0.0,0,0,0.0999,3.171,0
1756830237,15766,0,0.0,0.0,0,0,0.09970000000000001,18.02,0
1756830237,15826,0,0.0,0.0,0,0,0.0968,3.702,0
1756830238,15884,0,0.0,0.0,0,0,0.0315,8.509,0
1756830238,15944,0,0.0,0.0,0,0,0.0666,13.25,0
1756830238,16004,0,0.0,0.0,0,0,0.0729,9.64,0
1756830239,16064,0,0.0,0.0,0,0,0.166,5.14,0
1756830239,16124,0,0.0,0.0,0,0,0.2188,4.12,0
1756830239,16175,0,0.0,0.0,0,0,0.0552,3.762,0
1756830239,16221,0,0.0,0.0,0,0,0.0319,7.183,0
1756830240,16281,0,0.0,0.0,0,0,0.09300000000000001,12.848,0
1756830240,16341,0,0.0,0.0,0,0,0.0664,5.376,0
1756830240,16401,0,0.0,0.0,0,0,0.0949,11.266,0
1756830241,16461,0,0.0,0.0,0,0,0.0443,5.626,0
1756830241,16521,0,0.0,0.0,0,0,0.1091,10.748,0
1756830241,16581,0,0.0,0.0,0,0,0.1127,10.29,0
1756830242,16641,0,0.0,0.0,0,0,0.047599999999999996,8.927,0
1756830242,16701,0,0.0,0.0,0,0,0.1725,12.316,0
1756830242,16761,0,0.0,0.0,0,0,0.09029999999999999,7.117,0
1756830242,16821,0,0.0,0.0,0,0,0.042,3.126,0
1756830243,16859,0,0.0,0.0,0,0,0.040999999999999995,8.69,0
1756830243,16919,0,0.0,0.0,0,0,0.1025,6.114,0
1756830243,16979,0,0.0,0.0,0,0,0.052199999999999996,5.774,0
1756830244,17039,0,0.0,0.0,0,0,0.11259999999999999,11.428,0
1756830244,17099,0,0.0,0.0,0,0,0.1003,5.631,0
1756830244,17159,0,0.0,0.0,0,0,0.20879999999999999,10.146,0
1756830245,17219,0,0.0,0.0,0,0,0.08070000000000001,6.293,0
1756830245,17279,0,0.0,0.0,0,0,0.0633,9.78,0
1756830245,17339,0,0.0,0.0,0,0,0.07200000000000001,12.641,0
1756830245,17399,0,0.0,0.0,0,0,0.11939999999999999,11.869,0
1756830246,17459,0,0.0,0.0,0,0,0.21,11.383,0
1756830246,17519,0,0.0,0.0,0,0,0.1199,5.86,0
1756830246,17579,0,0.0,0.0,0,0,0.032400000000000005,2.523,0
1756830247,17631,0,0.0,0.0,0,0,0.060700000000000004,6.786,0
1756830247,17691,0,0.0,0.0,0,0,0.058899999999999994,7.833,0
1756830247,17751,0,0.0,0.0,0,0,0.0783,6.105,0
1756830248,17811,0,0.0,0.0,0,0,0.0447,5.994,0
1756830248,17871,0,0.0,0.0,0,0,0.1076,10.156,0
1756830248,17931,0,0.0,0.0,0,0,0.059000000000000004,12.035,0
1756830249,17991,0,0.0,0.0,0,0,0.039599999999999996,5.035,0
1756830249,18051,0,0.0,0.0,0,0,0.08900000000000001,18.353,0
1756830249,18111,0,0.0,0.0,0,0,0.0935,9.65,0
1756830250,18171,0,0.0,0.0,0,0,0.0341,6.625,0
1756830250,18231,0,0.0,0.0,0,0,0.061500000000000006,5.489,0
1756830250,18291,0,0.0,0.0,0,0,0.0518,5.534,0
1756830250,18351,0,0.0,0.0,0,0,0.046,1.82,0
1756830251,18380,0,0.0,0.0,0,0,0.1705,4.51,0
1756830251,18440,0,0.0,0.0,0,0,0.0779,8.16,0
1756830251,18500,0,0.0,0.0,0,0,0.0431,13.231,0
1756830252,18560,0,0.0,0.0,0,0,0.0691,11.334,0
1756830252,18620,0,0.0,0.0,0,0,0.10060000000000001,14.474,0
1756830252,18680,0,0.0,0.0,0,0,0.0414,5.576,0
1756830253,18740,0,0.0,0.0,0,0,0.0836,9.619,0
1756830253,18800,0,0.0,0.0,0,0,0.0737,4.963,0
1756830253,18860,0,0.0,0.0,0,0,0.036000000000000004,7.332,0
1756830254,18920,0,0.0,0.0,0,0,0.1072,5.018,0
1756830254,18980,0,0.0,0.0,0,0,0.0756,4.215,0
1756830254,19040,0,0.0,0.0,0,0,0.0864,3.21,0
1756830254,19094,0,0.0,0.0,0,0,0.1198,3.025,0
1756830255,19142,0,0.0,0.0,0,0,0.0352,7.705,0
1756830255,19202,0,0.0,0.0,0,0,0.0733,3.832,0
1756830255,19251,0,0.0,0.0,0,0,0.11720000000000001,6.914,0
1756830256,19311,0,0.0,0.0,0,0,0.0374,10.146,0
1756830256,19371,0,0.0,0.0,0,0,0.09939999999999999,12.315,0
1756830256,19431,0,0.0,0.0,0,0,0.050300000000000004,14.182,0
1756830256,19491,0,0.0,0.0,0,0,0.065,5.927,0
1756830257,19551,0,0.0,0.0,0,0,0.0785,2.592,0
1756830257,19601,0,0.0,0.0,0,0,0.0724,7.712,0
1756830257,19661,0,0.0,0.0,0,0,0.0758,0.975,0
1756830257,19677,0,0.0,0.0,0,0,0.1572,11.358,0
1756830258,19737,0,0.0,0.0,0,0,0.1165,7.439,0
1756830258,19797,0,0.0,0.0,0,0,0.1097,12.798,0
1756830258,19857,0,0.0,0.0,0,0,0.0819,12.045,0
1756830258,19917,0,0.0,0.0,0,0,0.0875,1.285,0
1756830259,19938,0,0.0,0.0,0,0,0.0851,12.292,0
1756830259,19998,0,0.0,0.0,0,0,0.07139999999999999,9.606,0
1756830259,20058,0,0.0,0.0,0,0,0.0771,12.815,0
1756830259,20118,0,0.0,0.0,0,0,0.0859,3.05,0
1756830260,20156,0,0.0,0.0,0,0,0.0593,5.078,0
1756830260,20216,0,0.0,0.0,0,0,0.21,11.837,0
1756830260,20276,0,0.0,0.0,0,0,0.0732,1.855,0
1756830260,20304,0,0.0,0.0,0,0,0.0966,10.653,0
1756830261,20364,0,0.0,0.0,0,0,0.0623,14.414,0
1756830261,20424,0,0.0,0.0,0,0,0.1074,7.499,0
1756830262,20484,0,0.0,0.0,0,0,0.0308,13.519,0
1756830262,20544,0,0.0,0.0,0,0,0.1097,4.912,0
1756830262,20604,0,0.0,0.0,0,0,0.11130000000000001,5.557,0
1756830262,20664,0,0.0,0.0,0,0,0.1174,6.017,0
1756830263,20724,0,0.0,0.0,0,0,0.032,9.675,0
1756830263,20784,0,0.0,0.0,0,0,0.061900000000000004,5.766,0
1756830263,20844,0,0.0,0.0,0,0,0.11710000000000001,10.785,0
1756830263,20904,0,0.0,0.0,0,0,0.1108,12.711,0
1756830264,20964,0,0.0,0.0,0,0,0.0332,8.598,0
1756830264,21024,0,0.0,0.0,0,0,0.0322,3.812,0
1756830264,21084,0,0.0,0.0,0,0,0.058499999999999996,12.21,0
1756830264,21144,0,0.0,0.0,0,0,0.0863,8.526,0
1756830265,21204,0,0.0,0.0,0,0,0.0601,5.694,0
1756830265,21264,0,0.0,0.0,0,0,0.033,6.026,0
1756830265,21324,0,0.0,0.0,0,0,0.07919999999999999,5.47,0
1756830265,21384,0,0.0,0.0,0,0,0.0369,8.011,0
1756830265,21444,0,0.0,0.0,0,0,0.0706,14.861,0
1756830266,21504,0,0.0,0.0,0,0,0.0649,9.475,0
1756830266,21564,0,0.0,0.0,0,0,0.11630000000000001,8.676,0
1756830266,21624,0,0.0,0.0,0,0,0.0667,7.255,0
1756830266,21684,0,0.0,0.0,0,0,0.11599999999999999,5.468,0
1756830267,21744,0,0.0,0.0,0,0,0.1157,7.04,0
1756830267,21804,0,0.0,0.0,0,0,0.111,3.98,0
1756830267,21864,0,0.0,0.0,0,0,0.052000000000000005,0.763,0
1756830267,21876,0,0.0,0.0,0,0,0.0587,11.137,0
1756830267,21936,0,0.0,0.0,0,0,0.0535,7.04,0
1756830268,21996,0,0.0,0.0,0,0,0.1117,18.015,0
1756830268,22056,0,0.0,0.0,0,0,0.0864,6.441,0
1756830268,22116,0,0.0,0.0,0,0,0.11810000000000001,10.157,0
1756830268,22176,0,0.0,0.0,0,0,0.08539999999999999,2.815,0
1756830269,22205,0,0.0,0.0,0,0,0.09480000000000001,12.689,0
1756830269,22265,0,0.0,0.0,0,0,0.1499,8.875,0
1756830269,22325,0,0.0,0.0,0,0,0.1139,8.33,0
1756830269,22385,0,0.0,0.0,0,0,0.0765,11.74,0
1756830270,22445,0,0.0,0.0,0,0,0.11470000000000001,4.414,0
1756830270,22505,0,0.0,0.0,0,0,0.0625,2.478,0
1756830270,22555,0,0.0,0.0,0,0,0.08,5.723,0
1756830270,22615,0,0.0,0.0,0,0,0.032,2.813,0
1756830271,22641,0,0.0,0.0,0,0,0.0418,3.165,0
1756830271,22698,0,0.0,0.0,0,0,0.0441,7.799,0
1756830271,22758,0,0.0,0.0,0,0,0.1389,5.889,0
1756830271,22818,0,0.0,0.0,0,0,0.0346,6.883,0
1756830271,22878,0,0.0,0.0,0,0,0.20800000000000002,5.725,0
1756830272,22938,0,0.0,0.0,0,0,0.0891,2.22,0
1756830272,22973,0,0.0,0.0,0,0,0.09480000000000001,2.364,0
1756830272,23001,0,0.0,0.0,0,0,0.0886,8.889,0
1756830272,23061,0,0.0,0.0,0,0,0.0495,6.118,0
1756830273,23121,0,0.0,0.0,0,0,0.0601,4.601,0
1756830273,23181,0,0.0,0.0,0,0,0.0901,10.445,0
1756830273,23241,0,0.0,0.0,0,0,0.10220000000000001,18.207,0
1756830273,23301,0,0.0,0.0,0,0,0.0667,3.59,0
1756830273,23343,0,0.0,0.0,0,0,0.0637,5.352,0
1756830274,23403,0,0.0,0.0,0,0,0.056299999999999996,11.473,0
1756830274,23463,0,0.0,0.0,0,0,0.057300000000000004,4.306,0
1756830274,23505,0,0.0,0.0,0,0,0.11800000000000001,9.205,0
1756830274,23565,0,0.0,0.0,0,0,0.057300000000000004,18.351,0
1756830275,23625,0,0.0,0.0,0,0,0.044199999999999996,18.43,0
1756830275,23685,0,0.0,0.0,0,0,0.0313,7.815,0
1756830275,23745,0,0.0,0.0,0,0,0.0703,14.016,0
1756830275,23805,0,0.0,0.0,0,0,0.0353,12.697,0
1756830276,23865,0,0.0,0.0,0,0,0.0784,11.31,0
1756830276,23925,0,0.0,0.0,0,0,0.0857,12.512,0
1756830276,23985,0,0.0,0.0,0,0,0.0409,18.653,0
1756830276,24045,0,0.0,0.0,0,0,0.2409,13.303,0
1756830276,24105,0,0.0,0.0,0,0,0.049400000000000006,9.607,0
1756830277,24165,0,0.0,0.0,0,0,0.09759999999999999,8.096,0
1756830277,24225,0,0.0,0.0,0,0,0.1176,8.711,0
1756830277,24285,0,0.0,0.0,0,0,0.0703,8.218,0
1756830277,24345,0,0.0,0.0,0,0,0.11720000000000001,9.277,0
1756830277,24405,0,0.0,0.0,0,0,0.2285,7.587,0
1756830278,24465,0,0.0,0.0,0,0,0.107,5.294,0
1756830278,24525,0,0.0,0.0,0,0,0.0646,14.237,0
1756830278,24585,0,0.0,0.0,0,0,0.0695,3.595,0
1756830279,24622,0,0.0,0.0,0,0,0.0867,18.104,0
1756830279,24682,0,0.0,0.0,0,0,0.1052,3.908,0
1756830279,24742,0,0.0,0.0,0,0,0.1009,10.132,0
1756830279,24802,0,0.0,0.0,0,0,0.1291,1.283,0
1756830280,24821,0,0.0,0.0,0,0,0.10859999999999999,4.693,0
1756830280,24881,0,0.0,0.0,0,0,0.23199999999999998,1.501,0
1756830280,24904,0,0.0,0.0,0,0,0.0907,18.062,0
1756830280,24964,0,0.0,0.0,0,0,0.08410000000000001,5.313,0
1756830280,25024,0,0.0,0.0,0,0,0.0509,11.289,0
1756830281,25084,0,0.0,0.0,0,0,0.2072,18.024,0
1756830281,25144,0,0.0,0.0,0,0,0.0783,10.118,0
1756830281,25204,0,0.0,0.0,0,0,0.0977,8.99,0
1756830281,25264,0,0.0,0.0,0,0,0.0728,10.347,0
1756830282,25324,0,0.0,0.0,0,0,0.0848,3.594,0
1756830282,25376,0,0.0,0.0,0,0,0.0368,6.192,0
1756830282,25436,0,0.0,0.0,0,0,0.057,10.182,0
1756830282,25496,0,0.0,0.0,0,0,0.0393,12.322,0
1756830283,25556,0,0.0,0.0,0,0,0.1814,13.718,0
1756830283,25616,0,0.0,0.0,0,0,0.0447,4.549,0
1756830283,25676,0,0.0,0.0,0,0,0.0724,14.392,0
1756830283,25736,0,0.0,0.0,0,0,0.0855,6.526,0
1756830283,25796,0,0.0,0.0,0,0,0.0395,2.473,0
1756830284,25856,0,0.0,0.0,0,0,0.0757,8.599,0
1756830284,25916,0,0.0,0.0,0,0,0.0407,4.596,0
1756830284,25975,0,0.0,0.0,0,0,0.0409,2.683,0
1756830284,26017,0,0.0,0.0,0,0,0.0516,7.054,0
1756830285,26077,0,0.0,0.0,0,0,0.0394,6.176,0
1756830285,26137,0,0.0,0.0,0,0,0.1184,8.697,0
1756830285,26197,0,0.0,0.0,0,0,0.1008,10.584,0
1756830285,26257,0,0.0,0.0,0,0,0.0746,10.448,0
1756830285,26317,0,0.0,0.0,0,0,0.11800000000000001,2.359,0
1756830286,26348,0,0.0,0.0,0,0,0.1343,11.575,0
1756830286,26408,0,0.0,0.0,0,0,0.0626,5.802,0
1756830286,26468,0,0.0,0.0,0,0,0.0999,4.301,0
1756830286,26518,0,0.0,0.0,0,0,0.1003,9.436,0
1756830286,26578,0,0.0,0.0,0,0,0.10830000000000001,13.801,0
1756830287,26638,0,0.0,0.0,0,0,0.0421,1.391,0
1756830287,26660,0,0.0,0.0,0,0,0.0761,12.513,0
1756830287,26720,0,0.0,0.0,0,0,0.0892,11.805,0
1756830287,26780,0,0.0,0.0,0,0,0.052199999999999996,18.112,0
1756830288,26840,0,0.0,0.0,0,0,0.0644,7.368,0
1756830288,26900,0,0.0,0.0,0,0,0.2122,7.464,0
1756830288,26960,0,0.0,0.0,0,0,0.11,9.072,0
1756830288,27020,0,0.0,0.0,0,0,0.2053,2.729,0
1756830288,27080,0,0.0,0.0,0,0,0.057800000000000004,7.435,0
1756830289,27140,0,0.0,0.0,0,0,0.050499999999999996,3.383,0
1756830289,27189,0,0.0,0.0,0,0,0.1024,5.924,0
1756830289,27249,0,0.0,0.0,0,0,0.2065,5.968,0
1756830289,27309,0,0.0,0.0,0,0,0.085,8.33,0
1756830289,27369,0,0.0,0.0,0,0,0.064,7.396,0
1756830290,27429,0,0.0,0.0,0,0,0.09789999999999999,3.492,0
1756830290,27474,0,0.0,0.0,0,0,0.11289999999999999,10.648,0
1756830290,27534,0,0.0,0.0,0,0,0.0562,7.032,0
1756830290,27594,0,0.0,0.0,0,0,0.0748,13.545,0
1756830291,27654,0,0.0,0.0,0,0,0.0403,2.937,0
1756830291,27691,0,0.0,0.0,0,0,0.1192,18.167,0
1756830291,27751,0,0.0,0.0,0,0,0.0861,11.671,0
1756830291,27811,0,0.0,0.0,0,0,0.204,8.032,0
1756830291,27871,0,0.0,0.0,0,0,0.09630000000000001,4.593,0
1756830292,27917,0,0.0,0.0,0,0,0.0888,8.246,0
1756830292,27977,0,0.0,0.0,0,0,0.1634,11.267,0
1756830292,28037,0,0.0,0.0,0,0,0.0363,9.034,0
1756830292,28097,0,0.0,0.0,0,0,0.046,8.149,0
1756830293,28157,0,0.0,0.0,0,0,0.1073,5.777,0
1756830293,28217,0,0.0,0.0,0,0,0.0383,3.597,0
1756830293,28272,0,0.0,0.0,0,0,0.0794,5.278,0
1756830293,28328,0,0.0,0.0,0,0,0.11019999999999999,6.48,0
1756830294,28388,0,0.0,0.0,0,0,0.047,0.927,0
1756830294,28409,0,0.0,0.0,0,0,0.049699999999999994,7.562,0
1756830294,28469,0,0.0,0.0,0,0,0.0874,3.172,0
1756830294,28529,0,0.0,0.0,0,0,0.0638,7.072,0
1756830295,28589,0,0.0,0.0,0,0,0.0785,12.918,0
1756830295,28649,0,0.0,0.0,0,0,0.0352,6.111,0
1756830295,28709,0,0.0,0.0,0,0,0.1099,13.865,0
1756830296,28769,0,0.0,0.0,0,0,0.051399999999999994,8.384,0
1756830296,28829,0,0.0,0.0,0,0,0.0334,18.231,0
1756830296,28889,0,0.0,0.0,0,0,0.1148,7.76,0
1756830297,28949,0,0.0,0.0,0,0,0.0349,11.83,0
1756830297,29009,0,0.0,0.0,0,0,0.184,5.125,0
1756830297,29069,0,0.0,0.0,0,0,0.0801,9.407,0
1756830297,29129,0,0.0,0.0,0,0,0.1045,6.101,0
1756830298,29189,0,0.0,0.0,0,0,0.030699999999999998,2.012,0
1756830298,29226,0,0.0,0.0,0,0,0.0453,8.008,0
1756830298,29286,0,0.0,0.0,0,0,0.0677,10.048,0
1756830298,29346,0,0.0,0.0,0,0,0.11470000000000001,6.031,0
1756830299,29406,0,0.0,0.0,0,0,0.0718,10.458,0
1756830299,29466,0,0.0,0.0,0,0,0.0942,9.225,0
1756830299,29526,0,0.0,0.0,0,0,0.0398,5.237,0
1756830299,29586,0,0.0,0.0,0,0,0.075,8.078,0
1756830300,29646,0,0.0,0.0,0,0,0.0857,18.414,0
1756830300,29706,0,0.0,0.0,0,0,0.0701,4.612,0
1756830300,29766,0,0.0,0.0,0,0,0.065,7.126,0
1756830301,29826,0,0.0,0.0,0,0,0.065,5.644,0
1756830301,29886,0,0.0,0.0,0,0,0.0712,5.219,0
1756830301,29946,0,0.0,0.0,0,0,0.0706,7.432,0
1756830301,30006,0,0.0,0.0,0,0,0.1159,8.726,0
1756830302,30066,0,0.0,0.0,0,0,0.0787,12.889,0
1756830302,30126,0,0.0,0.0,0,0,0.17120000000000002,18.104,0
1756830302,30186,0,0.0,0.0,0,0,0.1043,15.375,0
1756830302,30246,0,0.0,0.0,0,0,0.0451,7.841,0
1756830303,30306,0,0.0,0.0,0,0,0.09480000000000001,10.068,0
1756830303,30366,0,0.0,0.0,0,0,0.0911,2.625,0
1756830303,30408,0,0.0,0.0,0,0,0.052000000000000005,8.174,0
1756830303,30468,0,0.0,0.0,0,0,0.1124,1.796,0
1756830303,30496,0,0.0,0.0,0,0,0.1033,11.082,0
1756830304,30556,0,0.0,0.0,0,0,0.08779999999999999,7.311,0
1756830304,30616,0,0.0,0.0,0,0,0.0392,8.706,0
1756830304,30676,0,0.0,0.0,0,0,0.0806,7.681,0
1756830304,30736,0,0.0,0.0,0,0,0.0951,7.575,0
1756830305,30796,0,0.0,0.0,0,0,0.0322,12.583,0
1756830305,30856,0,0.0,0.0,0,0,0.0639,9.907,0
1756830305,30916,0,0.0,0.0,0,0,0.0748,3.352,0
1756830306,30968,0,0.0,0.0,0,0,0.0487,12.138,0
1756830306,31028,0,0.0,0.0,0,0,0.0625,11.102,0
1756830306,31088,0,0.0,0.0,0,0,0.051,8.149,0
1756830306,31148,0,0.0,0.0,0,0,0.105,4.823,0
1756830307,31208,0,0.0,0.0,0,0,0.067,8.97,0
1756830307,31268,0,0.0,0.0,0,0,0.057800000000000004,6.865,0
1756830307,31328,0,0.0,0.0,0,0,0.0717,3.768,0
1756830308,31379,0,0.0,0.0,0,0,0.2089,7.728,0
1756830308,31439,0,0.0,0.0,0,0,0.1027,8.347,0
1756830308,31499,0,0.0,0.0,0,0,0.0501,8.614,0
1756830308,31559,0,0.0,0.0,0,0,0.09029999999999999,4.753,0
1756830309,31619,0,0.0,0.0,0,0,0.0458,11.231,0
1756830309,31679,0,0.0,0.0,0,0,0.0956,8.981,0
1756830309,31739,0,0.0,0.0,0,0,0.0947,2.146,0
1756830310,31788,0,0.0,0.0,0,0,0.08560000000000001,11.086,0
1756830310,31848,0,0.0,0.0,0,0,0.0911,12.111,0
1756830310,31908,0,0.0,0.0,0,0,0.0687,9.635,0
1756830311,31968,0,0.0,0.0,0,0,0.055,6.903,0
1756830311,32028,0,0.0,0.0,0,0,0.1405,2.765,0
1756830311,32060,0,0.0,0.0,0,0,0.0668,3.591,0
1756830311,32118,0,0.0,0.0,0,0,0.1057,10.571,0
1756830312,32178,0,0.0,0.0,0,0,0.1118,14.109,0
1756830312,32238,0,0.0,0.0,0,0,0.0701,3.962,0
1756830312,32298,0,0.0,0.0,0,0,0.0677,6.919,0
1756830312,32358,0,0.0,0.0,0,0,0.0508,4.53,0
1756830313,32416,0,0.0,0.0,0,0,0.042800000000000005,14.905,0
1756830313,32476,0,0.0,0.0,0,0,0.0332,2.865,0
1756830313,32526,0,0.0,0.0,0,0,0.1079,10.627,0
1756830313,32586,0,0.0,0.0,0,0,0.11259999999999999,18.316,0
1756830314,32646,0,0.0,0.0,0,0,0.0677,7.943,0
1756830314,32706,0,0.0,0.0,0,0,0.0791,12.424,0
1756830314,32766,0,0.0,0.0,0,0,0.0355,1.169,0
1756830315,32787,0,0.0,0.0,0,0,0.062,4.993,0
1756830315,32847,0,0.0,0.0,0,0,0.1065,12.404,0
1756830315,32907,0,0.0,0.0,0,0,0.1779,10.424,0
1756830315,32967,0,0.0,0.0,0,0,0.1033,1.1,0
1756830316,32979,0,0.0,0.0,0,0,0.09380000000000001,5.968,0
1756830316,33039,0,0.0,0.0,0,0,0.061799999999999994,4.9,0
1756830316,33097,0,0.0,0.0,0,0,0.0696,11.184,0
1756830316,33157,0,0.0,0.0,0,0,0.075,5.889,0
1756830316,33217,0,0.0,0.0,0,0,0.030899999999999997,10.391,0
1756830317,33277,0,0.0,0.0,0,0,0.0633,8.574,0
1756830317,33337,0,0.0,0.0,0,0,0.0642,9.873,0
1756830317,33397,0,0.0,0.0,0,0,0.1024,5.138,0
1756830317,33457,0,0.0,0.0,0,0,0.0519,4.852,0
1756830318,33517,0,0.0,0.0,0,0,0.0904,10.466,0
1756830318,33577,0,0.0,0.0,0,0,0.059000000000000004,6.174,0
1756830318,33637,0,0.0,0.0,0,0,0.0786,10.396,0
1756830318,33697,0,0.0,0.0,0,0,0.1137,9.334,0
1756830319,33757,0,0.0,0.0,0,0,0.08990000000000001,13.965,0
1756830319,33817,0,0.0,0.0,0,0,0.0409,5.226,0
1756830319,33877,0,0.0,0.0,0,0,0.1032,18.044,0
1756830319,33937,0,0.0,0.0,0,0,0.08839999999999999,11.806,0
1756830320,33997,0,0.0,0.0,0,0,0.1016,3.854,0
1756830320,34057,0,0.0,0.0,0,0,0.0392,7.302,0
1756830320,34117,0,0.0,0.0,0,0,0.0911,1.421,0
1756830320,34135,0,0.0,0.0,0,0,0.102,8.39,0
1756830320,34195,0,0.0,0.0,0,0,0.0482,3.618,0
1756830321,34255,0,0.0,0.0,0,0,0.1052,3.116,0
1756830321,34292,0,0.0,0.0,0,0,0.2492,5.279,0
1756830321,34352,0,0.0,0.0,0,0,0.08259999999999999,9.458,0
1756830321,34412,0,0.0,0.0,0,0,0.1175,3.163,0
1756830322,34451,0,0.0,0.0,0,0,0.10060000000000001,12.935,0
1756830322,34511,0,0.0,0.0,0,0,0.054900000000000004,13.954,0
1756830322,34571,0,0.0,0.0,0,0,0.0416,18.331,0
1756830322,34631,0,0.0,0.0,0,0,0.08560000000000001,5.312,0
1756830323,34691,0,0.0,0.0,0,0,0.09230000000000001,6.065,0
1756830323,34751,0,0.0,0.0,0,0,0.09939999999999999,1.742,0
1756830323,34777,0,0.0,0.0,0,0,0.1009,4.91,0
1756830324,34837,0,0.0,0.0,0,0,0.052199999999999996,14.685,0
1756830324,34897,0,0.0,0.0,0,0,0.1306,9.766,0
1756830324,34957,0,0.0,0.0,0,0,0.0449,9.528,0
1756830324,35017,0,0.0,0.0,0,0,0.0851,10.611,0
1756830324,35077,0,0.0,0.0,0,0,0.0713,13.199,0
1756830325,35137,0,0.0,0.0,0,0,0.07629999999999999,11.683,0
1756830325,35197,0,0.0,0.0,0,0,0.08810000000000001,18.155,0
1756830325,35257,0,0.0,0.0,0,0,0.041100000000000005,10.108,0
1756830325,35317,0,0.0,0.0,0,0,0.0696,5.567,0
1756830326,35377,0,0.0,0.0,0,0,0.0665,18.09,0
1756830326,35437,0,0.0,0.0,0,0,0.115,7.486,0
1756830326,35497,0,0.0,0.0,0,0,0.032799999999999996,11.091,0
1756830326,35557,0,0.0,0.0,0,0,0.1924,3.244,0
1756830327,35617,0,0.0,0.0,0,0,0.09480000000000001,9.112,0
1756830327,35677,0,0.0,0.0,0,0,0.0855,3.837,0
1756830327,35737,0,0.0,0.0,0,0,0.10980000000000001,9.043,0
1756830327,35797,0,0.0,0.0,0,0,0.09539999999999998,7.203,0
1756830328,35857,0,0.0,0.0,0,0,0.050199999999999995,4.713,0
1756830328,35917,0,0.0,0.0,0,0,0.061900000000000004,8.152,0
1756830328,35977,0,0.0,0.0,0,0,0.1176,14.714,0
1756830328,36037,0,0.0,0.0,0,0,0.1189,8.183,0
1756830329,36097,0,0.0,0.0,0,0,0.055,2.589,0
1756830329,36134,0,0.0,0.0,0,0,0.11,10.091,0
1756830329,36194,0,0.0,0.0,0,0,0.0895,15.956,0
1756830329,36254,0,0.0,0.0,0,0,0.061900000000000004,3.41,0
1756830329,36299,0,0.0,0.0,0,0,0.0467,4.485,0
1756830330,36359,0,0.0,0.0,0,0,0.0407,1.979,0
1756830330,36389,0,0.0,0.0,0,0,0.1025,10.492,0
1756830330,36449,0,0.0,0.0,0,0,0.0783,9.047,0
1756830330,36509,0,0.0,0.0,0,0,0.08900000000000001,10.147,0
1756830330,36569,0,0.0,0.0,0,0,0.076,5.838,0
1756830331,36629,0,0.0,0.0,0,0,0.0429,8.744,0
1756830331,36689,0,0.0,0.0,0,0,0.0659,7.469,0
1756830331,36749,0,0.0,0.0,0,0,0.1405,4.765,0
1756830331,36809,0,0.0,0.0,0,0,0.071,1.612,0
1756830331,36837,0,0.0,0.0,0,0,0.1282,14.766,0
1756830332,36897,0,0.0,0.0,0,0,0.0891,2.729,0
1756830332,36957,0,0.0,0.0,0,0,0.1023,10.221,0
1756830332,37017,0,0.0,0.0,0,0,0.057300000000000004,7.795,0
1756830332,37077,0,0.0,0.0,0,0,0.0705,11.842,0
1756830333,37137,0,0.0,0.0,0,0,0.037000000000000005,9.463,0
1756830333,37197,0,0.0,0.0,0,0,0.09210000000000002,6.791,0
1756830333,37257,0,0.0,0.0,0,0,0.086,3.732,0
1756830333,37311,0,0.0,0.0,0,0,0.060899999999999996,15.629,0
1756830334,37371,0,0.0,0.0,0,0,0.061900000000000004,18.007,0
1756830334,37431,0,0.0,0.0,0,0,0.1416,1.622,0
1756830334,37491,0,0.0,0.0,0,0,0.0705,1.618,0
1756830334,37523,0,0.0,0.0,0,0,0.0458,6.745,0
1756830335,37583,0,0.0,0.0,0,0,0.0381,5.242,0
1756830335,37643,0,0.0,0.0,0,0,0.057300000000000004,9.648,0
1756830335,37703,0,0.0,0.0,0,0,0.0759,2.286,0
1756830335,37733,0,0.0,0.0,0,0,0.09570000000000001,9.321,0
1756830335,37793,0,0.0,0.0,0,0,0.1097,6.475,0
1756830336,37853,0,0.0,0.0,0,0,0.1365,8.33,0
1756830336,37913,0,0.0,0.0,0,0,0.1157,9.815,0
1756830336,37973,0,0.0,0.0,0,0,0.032,2.492,0
1756830336,38014,0,0.0,0.0,0,0,0.155,9.286,0
1756830337,38074,0,0.0,0.0,0,0,0.0638,7.213,0
1756830337,38134,0,0.0,0.0,0,0,0.1003,8.278,0
1756830337,38194,0,0.0,0.0,0,0,0.0928,11.673,0
1756830337,38254,0,0.0,0.0,0,0,0.0725,9.248,0
1756830337,38314,0,0.0,0.0,0,0,0.0508,3.384,0
1756830338,38365,0,0.0,0.0,0,0,0.0821,13.29,0
1756830338,38425,0,0.0,0.0,0,0,0.11810000000000001,6.694,0
1756830338,38485,0,0.0,0.0,0,0,0.098,6.579,0
1756830338,38545,0,0.0,0.0,0,0,0.030299999999999997,7.896,0
1756830339,38605,0,0.0,0.0,0,0,0.2491,3.38,0
1756830339,38665,0,0.0,0.0,0,0,0.2296,5.905,0
1756830340,38725,0,0.0,0.0,0,0,0.0866,7.085,0
1756830340,38785,0,0.0,0.0,0,0,0.1532,13.025,0
1756830340,38845,0,0.0,0.0,0,0,0.0904,9.02,0
1756830341,38905,0,0.0,0.0,0,0,0.0837,0.393,0
1756830341,38910,0,0.0,0.0,0,0,0.1173,5.322,0
1756830341,38970,0,0.0,0.0,0,0,0.0591,12.371,0
1756830341,39030,0,0.0,0.0,0,0,0.1137,3.067,0
1756830342,39068,0,0.0,0.0,0,0,0.1475,4.035,0
1756830342,39128,0,0.0,0.0,0,0,0.044199999999999996,5.798,0
1756830342,39188,0,0.0,0.0,0,0,0.08130000000000001,12.441,0
1756830342,39248,0,0.0,0.0,0,0,0.0472,7.644,0
1756830343,39308,0,0.0,0.0,0,0,0.0953,9.192,0
1756830343,39368,0,0.0,0.0,0,0,0.1586,11.05,0
1756830343,39428,0,0.0,0.0,0,0,0.0872,12.174,0
1756830343,39488,0,0.0,0.0,0,0,0.17600000000000002,14.108,0
1756830344,39548,0,0.0,0.0,0,0,0.030299999999999997,18.213,0
1756830344,39608,0,0.0,0.0,0,0,0.0787,4.874,0
1756830344,39668,0,0.0,0.0,0,0,0.0398,7.708,0
1756830344,39728,0,0.0,0.0,0,0,0.1018,3.055,0
1756830345,39788,0,0.0,0.0,0,0,0.0722,9.028,0
1756830345,39848,0,0.0,0.0,0,0,0.1153,8.039,0
1756830345,39908,0,0.0,0.0,0,0,0.0768,0.63,0
1756830345,39918,0,0.0,0.0,0,0,0.04,7.357,0
1756830345,39978,0,0.0,0.0,0,0,0.0748,4.777,0
1756830346,40038,0,0.0,0.0,0,0,0.084,5.386,0
1756830346,40098,0,0.0,0.0,0,0,0.1096,12.922,0
1756830346,40158,0,0.0,0.0,0,0,0.0613,3.363,0
1756830346,40218,0,0.0,0.0,0,0,0.0876,4.112,0
1756830347,40278,0,0.0,0.0,0,0,0.031200000000000002,6.846,0
1756830347,40338,0,0.0,0.0,0,0,0.051100000000000007,0.442,0
1756830347,40346,0,0.0,0.0,0,0,0.0369,7.51,0
1756830347,40406,0,0.0,0.0,0,0,0.1065,12.526,0
1756830348,40466,0,0.0,0.0,0,0,0.0381,8.084,0
1756830348,40526,0,0.0,0.0,0,0,0.069,3.036,0
1756830348,40561,0,0.0,0.0,0,0,0.09380000000000001,0.879,0
1756830348,40572,0,0.0,0.0,0,0,0.11720000000000001,5.542,0
1756830348,40632,0,0.0,0.0,0,0,0.0435,5.718,0
1756830349,40692,0,0.0,0.0,0,0,0.1109,6.254,0
1756830349,40752,0,0.0,0.0,0,0,0.1117,11.146,0
1756830349,40812,0,0.0,0.0,0,0,0.04190000000000001,8.265,0
1756830349,40872,0,0.0,0.0,0,0,0.0886,6.113,0
1756830350,40932,0,0.0,0.0,0,0,0.1175,11.193,0
1756830350,40992,0,0.0,0.0,0,0,0.1009,4.116,0
1756830350,41052,0,0.0,0.0,0,0,0.0461,12.403,0
1756830351,41112,0,0.0,0.0,0,0,0.0604,7.463,0
1756830351,41172,0,0.0,0.0,0,0,0.0821,18.194,0
1756830351,41232,0,0.0,0.0,0,0,0.0868,18.078,0
1756830351,41292,0,0.0,0.0,0,0,0.11560000000000001,5.64,0
1756830351,41352,0,0.0,0.0,0,0,0.0591,9.066,0
1756830352,41412,0,0.0,0.0,0,0,0.031200000000000002,10.424,0
1756830352,41472,0,0.0,0.0,0,0,0.0362,4.459,0
1756830352,41532,0,0.0,0.0,0,0,0.055999999999999994,9.414,0
1756830352,41592,0,0.0,0.0,0,0,0.09939999999999999,10.297,0
1756830353,41652,0,0.0,0.0,0,0,0.0909,5.138,0
1756830353,41712,0,0.0,0.0,0,0,0.0594,4.67,0
1756830353,41772,0,0.0,0.0,0,0,0.044500000000000005,3.557,0
1756830353,41811,0,0.0,0.0,0,0,0.033,6.784,0
1756830354,41871,0,0.0,0.0,0,0,0.0859,2.675,0
1756830354,41902,0,0.0,0.0,0,0,0.1575,7.038,0
1756830354,41962,0,0.0,0.0,0,0,0.0688,8.28,0
1756830354,42022,0,0.0,0.0,0,0,0.05,3.723,0
1756830354,42079,0,0.0,0.0,0,0,0.0524,11.004,0
1756830355,42139,0,0.0,0.0,0,0,0.0962,7.341,0
1756830355,42199,0,0.0,0.0,0,0,0.0487,3.79,0
1756830355,42259,0,0.0,0.0,0,0,0.032,6.397,0
1756830355,42319,0,0.0,0.0,0,0,0.0894,3.934,0
1756830356,42371,0,0.0,0.0,0,0,0.059500000000000004,3.133,0
1756830356,42416,0,0.0,0.0,0,0,0.10210000000000001,6.441,0
1756830356,42476,0,0.0,0.0,0,0,0.0722,9.561,0
1756830356,42536,0,0.0,0.0,0,0,0.049699999999999994,16.481,0
1756830357,42596,0,0.0,0.0,0,0,0.0781,7.797,0
1756830357,42656,0,0.0,0.0,0,0,0.056299999999999996,0.993,0
1756830357,42667,0,0.0,0.0,0,0,0.0746,4.836,0
1756830357,42727,0,0.0,0.0,0,0,0.1076,4.942,0
1756830357,42787,0,0.0,0.0,0,0,0.0935,3.519,0
1756830358,42847,0,0.0,0.0,0,0,0.0931,6.354,0
1756830358,42907,0,0.0,0.0,0,0,0.0608,15.389,0
1756830358,42967,0,0.0,0.0,0,0,0.08199999999999999,6.096,0
1756830358,43027,0,0.0,0.0,0,0,0.0825,7.461,0
1756830359,43087,0,0.0,0.0,0,0,0.1036,8.45,0
1756830359,43147,0,0.0,0.0,0,0,0.0395,13.605,0
1756830359,43207,0,0.0,0.0,0,0,0.1074,5.667,0
1756830359,43267,0,0.0,0.0,0,0,0.1063,12.705,0
1756830359,43327,0,0.0,0.0,0,0,0.1056,13.622,0
1756830360,43387,0,0.0,0.0,0,0,0.08310000000000001,7.65,0
1756830360,43447,0,0.0,0.0,0,0,0.1722,5.145,0
1756830360,43507,0,0.0,0.0,0,0,0.049400000000000006,15.219,0
1756830360,43567,0,0.0,0.0,0,0,0.1166,10.848,0
1756830361,43627,0,0.0,0.0,0,0,0.07719999999999999,2.774,0
1756830361,43668,0,0.0,0.0,0,0,0.08779999999999999,8.04,0
1756830361,43728,0,0.0,0.0,0,0,0.0843,10.958,0
1756830362,43788,0,0.0,0.0,0,0,0.0764,6.77,0
1756830362,43848,0,0.0,0.0,0,0,0.0512,8.296,0
1756830362,43908,0,0.0,0.0,0,0,0.0691,8.064,0
1756830362,43968,0,0.0,0.0,0,0,0.034,10.871,0
1756830362,44028,0,0.0,0.0,0,0,0.048600000000000004,4.886,0
1756830363,44088,0,0.0,0.0,0,0,0.076,8.647,0
1756830363,44148,0,0.0,0.0,0,0,0.09849999999999999,7.03,0
1756830363,44208,0,0.0,0.0,0,0,0.115,5.287,0
1756830363,44268,0,0.0,0.0,0,0,0.10830000000000001,3.285,0
1756830364,44314,0,0.0,0.0,0,0,0.030600000000000002,18.121,0
1756830364,44374,0,0.0,0.0,0,0,0.038,6.181,0
1756830364,44434,0,0.0,0.0,0,0,0.23129999999999998,4.484,0
1756830364,44494,0,0.0,0.0,0,0,0.1001,6.611,0
1756830365,44554,0,0.0,0.0,0,0,0.0971,3.621,0
1756830365,44614,0,0.0,0.0,0,0,0.0553,3.505,0
1756830365,44674,0,0.0,0.0,0,0,0.11710000000000001,7.51,0
1756830365,44734,0,0.0,0.0,0,0,0.1073,4.979,0
1756830366,44794,0,0.0,0.0,0,0,0.0834,2.772,0
1756830366,44835,0,0.0,0.0,0,0,0.2396,18.964,0
1756830366,44895,0,0.0,0.0,0,0,0.0449,7.158,0
1756830366,44955,0,0.0,0.0,0,0,0.0775,18.032,0
1756830367,45015,0,0.0,0.0,0,0,0.1833,5.615,0
1756830367,45075,0,0.0,0.0,0,0,0.0728,18.095,0
1756830367,45135,0,0.0,0.0,0,0,0.0626,2.429,0
1756830367,45185,0,0.0,0.0,0,0,0.0987,7.826,0
1756830368,45245,0,0.0,0.0,0,0,0.10800000000000001,6.425,0
1756830368,45305,0,0.0,0.0,0,0,0.18780000000000002,3.714,0
1756830368,45365,0,0.0,0.0,0,0,0.23559999999999998,4.008,0
1756830368,45425,0,0.0,0.0,0,0,0.0527,8.127,0
1756830369,45485,0,0.0,0.0,0,0,0.09609999999999999,18.381,0
1756830369,45545,0,0.0,0.0,0,0,0.0638,2.52,0
1756830369,45579,0,0.0,0.0,0,0,0.1,14.103,0
1756830369,45639,0,0.0,0.0,0,0,0.0455,3.789,0
1756830370,45699,0,0.0,0.0,0,0,0.11800000000000001,12.77,0
1756830370,45759,0,0.0,0.0,0,0,0.0785,0.982,0
1756830370,45788,0,0.0,0.0,0,0,0.1195,2.053,0
1756830370,45831,0,0.0,0.0,0,0,0.042300000000000004,8.138,0
1756830371,45891,0,0.0,0.0,0,0,0.0625,13.61,0
1756830371,45951,0,0.0,0.0,0,0,0.106,3.009,0
1756830371,46000,0,0.0,0.0,0,0,0.11359999999999999,4.697,0
1756830371,46060,0,0.0,0.0,0,0,0.0766,1.583,0
1756830371,46086,0,0.0,0.0,0,0,0.0832,13.054,0
1756830372,46146,0,0.0,0.0,0,0,0.11810000000000001,7.326,0
1756830372,46206,0,0.0,0.0,0,0,0.0483,5.105,0
1756830372,46266,0,0.0,0.0,0,0,0.0775,6.063,0
1756830373,46326,0,0.0,0.0,0,0,0.0959,8.102,0
1756830373,46386,0,0.0,0.0,0,0,0.051,13.194,0
1756830373,46446,0,0.0,0.0,0,0,0.053899999999999997,5.163,0
1756830373,46506,0,0.0,0.0,0,0,0.0599,6.367,0
1756830374,46566,0,0.0,0.0,0,0,0.0632,3.939,0
1756830374,46618,0,0.0,0.0,0,0,0.1151,7.534,0
1756830374,46678,0,0.0,0.0,0,0,0.0571,2.699,0
1756830374,46723,0,0.0,0.0,0,0,0.0385,6.954,0
1756830375,46783,0,0.0,0.0,0,0,0.0481,5.641,0
1756830375,46843,0,0.0,0.0,0,0,0.1192,2.704,0
1756830375,46902,0,0.0,0.0,0,0,0.11199999999999999,0.511,0
1756830375,46909,0,0.0,0.0,0,0,0.21359999999999998,18.068,0
1756830376,46969,0,0.0,0.0,0,0,0.1545,7.619,0
1756830376,47029,0,0.0,0.0,0,0,0.0431,7.723,0
1756830376,47089,0,0.0,0.0,0,0,0.0732,10.789,0
1756830377,47149,0,0.0,0.0,0,0,0.0518,9.548,0
1756830377,47209,0,0.0,0.0,0,0,0.099,4.489,0
1756830377,47269,0,0.0,0.0,0,0,0.1159,4.311,0
1756830378,47329,0,0.0,0.0,0,0,0.0453,18.039,0
1756830378,47389,0,0.0,0.0,0,0,0.0483,9.826,0
1756830378,47449,0,0.0,0.0,0,0,0.0634,3.979,0
1756830379,47509,0,0.0,0.0,0,0,0.1182,5.339,0
1756830379,47569,0,0.0,0.0,0,0,0.1075,2.063,0
1756830379,47593,0,0.0,0.0,0,0,0.10619999999999999,7.516,0
1756830379,47653,0,0.0,0.0,0,0,0.0737,6.83,0
1756830380,47713,0,0.0,0.0,0,0,0.0417,7.682,0
1756830380,47773,0,0.0,0.0,0,0,0.0559,2.99,0
1756830380,47833,0,0.0,0.0,0,0,0.0571,16.497,0
1756830380,47893,0,0.0,0.0,0,0,0.0596,4.84,0
1756830381,47953,0,0.0,0.0,0,0,0.12,8.218,0
1756830381,48013,0,0.0,0.0,0,0,0.0406,10.705,0
1756830381,48073,0,0.0,0.0,0,0,0.0907,8.349,0
1756830382,48133,0,0.0,0.0,0,0,0.11699999999999999,6.342,0
1756830382,48193,0,0.0,0.0,0,0,0.1091,4.713,0
1756830382,48253,0,0.0,0.0,0,0,0.038900000000000004,13.17,0
1756830382,48313,0,0.0,0.0,0,0,0.2289,9.324,0
1756830382,48373,0,0.0,0.0,0,0,0.0374,15.039,0
1756830383,48433,0,0.0,0.0,0,0,0.0953,3.659,0
1756830383,48477,0,0.0,0.0,0,0,0.0698,6.137,0
1756830383,48537,0,0.0,0.0,0,0,0.034,6.81,0
1756830383,48597,0,0.0,0.0,0,0,0.0346,2.052,0
1756830383,48642,0,0.0,0.0,0,0,0.0724,12.602,0
1756830384,48702,0,0.0,0.0,0,0,0.045,3.657,0
1756830384,48752,0,0.0,0.0,0,0,0.0977,18.122,0
1756830384,48812,0,0.0,0.0,0,0,0.0591,14.526,0
1756830385,48872,0,0.0,0.0,0,0,0.0318,5.584,0
1756830385,48932,0,0.0,0.0,0,0,0.033,3.465,0
1756830385,48992,0,0.0,0.0,0,0,0.0336,0.881,0
1756830385,49012,0,0.0,0.0,0,0,0.0888,11.02,0
1756830385,49072,0,0.0,0.0,0,0,0.059699999999999996,15.155,0
1756830386,49132,0,0.0,0.0,0,0,0.0917,4.724,0
1756830386,49192,0,0.0,0.0,0,0,0.0967,14.32,0
1756830386,49252,0,0.0,0.0,0,0,0.10619999999999999,5.561,0
1756830387,49312,0,0.0,0.0,0,0,0.09390000000000001,11.247,0
1756830387,49372,0,0.0,0.0,0,0,0.09630000000000001,9.035,0
1756830387,49432,0,0.0,0.0,0,0,0.0951,8.841,0
1756830387,49492,0,0.0,0.0,0,0,0.1185,14.424,0
1756830388,49552,0,0.0,0.0,0,0,0.10779999999999999,9.823,0
1756830388,49612,0,0.0,0.0,0,0,0.08259999999999999,15.472,0
1756830388,49672,0,0.0,0.0,0,0,0.07519999999999999,6.535,0
1756830388,49732,0,0.0,0.0,0,0,0.0462,18.547,0
1756830388,49792,0,0.0,0.0,0,0,0.0542,9.375,0
1756830389,49852,0,0.0,0.0,0,0,0.06309999999999999,4.942,0
1756830389,49912,0,0.0,0.0,0,0,0.1005,5.109,0
1756830389,49972,0,0.0,0.0,0,0,0.109,5.634,0
1756830390,50032,0,0.0,0.0,0,0,0.1174,18.482,0
1756830390,50092,0,0.0,0.0,0,0,0.0833,12.887,0
1756830390,50152,0,0.0,0.0,0,0,0.084,2.161,0
1756830390,50196,0,0.0,0.0,0,0,0.0334,11.78,0
1756830391,50256,0,0.0,0.0,0,0,0.1051,6.538,0
1756830391,50316,0,0.0,0.0,0,0,0.1144,0.175,0
1756830391,50326,0,0.0,0.0,0,0,0.07150000000000001,8.39,0
1756830391,50386,0,0.0,0.0,0,0,0.1199,5.557,0
1756830392,50446,0,0.0,0.0,0,0,0.0302,0.508,0
1756830392,50458,0,0.0,0.0,0,0,0.032,6.151,0
1756830392,50518,0,0.0,0.0,0,0,0.040999999999999995,4.749,0
1756830392,50578,0,0.0,0.0,0,0,0.045599999999999995,2.587,0
1756830392,50614,0,0.0,0.0,0,0,0.07519999999999999,1.25,0
1756830393,50631,0,0.0,0.0,0,0,0.037599999999999995,15.796,0
1756830393,50691,0,0.0,0.0,0,0,0.1085,6.35,0
1756830393,50751,0,0.0,0.0,0,0,0.0827,12.195,0
1756830393,50811,0,0.0,0.0,0,0,0.0347,7.776,0
1756830394,50871,0,0.0,0.0,0,0,0.1185,6.045,0
1756830394,50931,0,0.0,0.0,0,0,0.061900000000000004,14.281,0
1756830394,50991,0,0.0,0.0,0,0,0.0461,0.327,0
1756830394,50994,0,0.0,0.0,0,0,0.0535,2.089,0
1756830395,51025,0,0.0,0.0,0,0,0.09449999999999999,2.761,0
1756830395,51072,0,0.0,0.0,0,0,0.0803,12.745,0
1756830395,51132,0,0.0,0.0,0,0,0.0333,2.026,0
1756830395,51173,0,0.0,0.0,0,0,0.0801,6.304,0
1756830396,51233,0,0.0,0.0,0,0,0.04,5.122,0
1756830396,51293,0,0.0,0.0,0,0,0.051100000000000007,8.666,0
1756830396,51353,0,0.0,0.0,0,0,0.0473,4.917,0
1756830397,51413,0,0.0,0.0,0,0,0.1091,5.053,0
1756830397,51463,0,0.0,0.0,0,0,0.1264,1.244,0
1756830397,51499,0,0.0,0.0,0,0,0.0754,11.222,0
1756830397,51559,0,0.0,0.0,0,0,0.0319,10.732,0
1756830398,51619,0,0.0,0.0,0,0,0.0458,4.21,0
1756830398,51665,0,0.0,0.0,0,0,0.0483,18.086,0
1756830398,51725,0,0.0,0.0,0,0,0.10310000000000001,4.717,0
1756830398,51785,0,0.0,0.0,0,0,0.0836,9.301,0
1756830399,51845,0,0.0,0.0,0,0,0.14429999999999998,7.158,0
1756830399,51905,0,0.0,0.0,0,0,0.0492,8.991,0
1756830399,51965,0,0.0,0.0,0,0,0.1184,9.87,0
1756830400,52025,0,0.0,0.0,0,0,0.2492,18.198,0
1756830400,52085,0,0.0,0.0,0,0,0.099,18.214,0
1756830400,52145,0,0.0,0.0,0,0,0.0946,6.861,0
1756830400,52205,0,0.0,0.0,0,0,0.06860000000000001,7.432,0
1756830401,52265,0,0.0,0.0,0,0,0.0575,10.204,0
1756830401,52325,0,0.0,0.0,0,0,0.0519,5.649,0
1756830401,52385,0,0.0,0.0,0,0,0.11710000000000001,9.027,0
1756830402,52445,0,0.0,0.0,0,0,0.1119,4.007,0
1756830402,52505,0,0.0,0.0,0,0,0.0525,10.754,0
1756830402,52565,0,0.0,0.0,0,0,0.0302,18.002,0
1756830402,52625,0,0.0,0.0,0,0,0.0536,5.995,0
1756830403,52685,0,0.0,0.0,0,0,0.044800000000000006,12.892,0
1756830403,52745,0,0.0,0.0,0,0,0.1725,1.178,0
1756830403,52773,0,0.0,0.0,0,0,0.0658,8.528,0
1756830404,52833,0,0.0,0.0,0,0,0.0518,1.582,0
1756830404,52855,0,0.0,0.0,0,0,0.1157,9.606,0
1756830404,52915,0,0.0,0.0,0,0,0.10039999999999999,9.535,0
1756830404,52975,0,0.0,0.0,0,0,0.1164,11.748,0
1756830405,53035,0,0.0,0.0,0,0,0.1159,12.119,0
1756830405,53095,0,0.0,0.0,0,0,0.0885,12.585,0
1756830405,53155,0,0.0,0.0,0,0,0.0805,13.387,0
1756830405,53215,0,0.0,0.0,0,0,0.1054,10.686,0
1756830406,53275,0,0.0,0.0,0,0,0.0533,12.424,0
1756830406,53335,0,0.0,0.0,0,0,0.1191,7.398,0
1756830406,53395,0,0.0,0.0,0,0,0.0354,14.899,0
1756830407,53455,0,0.0,0.0,0,0,0.107,12.221,0
1756830407,53515,0,0.0,0.0,0,0,0.0725,13.691,0
1756830407,53575,0,0.0,0.0,0,0,0.1797,4.307,0
1756830407,53635,0,0.0,0.0,0,0,0.0801,8.207,0
1756830408,53695,0,0.0,0.0,0,0,0.0438,13.881,0
1756830408,53755,0,0.0,0.0,0,0,0.050300000000000004,9.854,0
1756830408,53815,0,0.0,0.0,0,0,0.0421,12.161,0
1756830408,53875,0,0.0,0.0,0,0,0.0718,8.142,0
1756830409,53935,0,0.0,0.0,0,0,0.1867,9.231,0
1756830409,53995,0,0.0,0.0,0,0,0.0922,10.029,0
1756830409,54055,0,0.0,0.0,0,0,0.111,13.043,0
1756830409,54115,0,0.0,0.0,0,0,0.0724,5.432,0
1756830410,54175,0,0.0,0.0,0,0,0.0833,13.827,0
1756830410,54235,0,0.0,0.0,0,0,0.1198,2.616,0
1756830410,54271,0,0.0,0.0,0,0,0.061500000000000006,9.808,0
1756830410,54331,0,0.0,0.0,0,0,0.0323,14.907,0
1756830411,54391,0,0.0,0.0,0,0,0.0441,9.098,0
1756830411,54451,0,0.0,0.0,0,0,0.1168,9.416,0
1756830411,54511,0,0.0,0.0,0,0,0.0886,12.127,0
1756830411,54571,0,0.0,0.0,0,0,0.0748,9.309,0
1756830412,54631,0,0.0,0.0,0,0,0.10210000000000001,4.339,0
1756830412,54675,0,0.0,0.0,0,0,0.0596,9.982,0
1756830412,54735,0,0.0,0.0,0,0,0.21109999999999998,3.697,0
1756830413,54794,0,0.0,0.0,0,0,0.0489,15.631,0
1756830413,54854,0,0.0,0.0,0,0,0.0633,6.049,0
1756830413,54914,0,0.0,0.0,0,0,0.0449,3.216,0
1756830413,54943,0,0.0,0.0,0,0,0.0946,3.159,0
1756830413,55003,0,0.0,0.0,0,0,0.0418,5.711,0
1756830414,55063,0,0.0,0.0,0,0,0.0478,8.755,0
1756830414,55123,0,0.0,0.0,0,0,0.0541,2.7,0
1756830414,55183,0,0.0,0.0,0,0,0.0467,10.343,0
1756830415,55243,0,0.0,0.0,0,0,0.07400000000000001,18.103,0
1756830415,55303,0,0.0,0.0,0,0,0.1174,12.674,0
1756830415,55363,0,0.0,0.0,0,0,0.0695,9.071,0
1756830416,55423,0,0.0,0.0,0,0,0.0616,3.013,0
1756830416,55483,0,0.0,0.0,0,0,0.107,7.754,0
1756830416,55543,0,0.0,0.0,0,0,0.0876,2.046,0
1756830416,55573,0,0.0,0.0,0,0,0.08310000000000001,5.603,0
1756830417,55633,0,0.0,0.0,0,0,0.057800000000000004,5.524,0
1756830417,55687,0,0.0,0.0,0,0,0.0507,0.473,0
1756830417,55697,0,0.0,0.0,0,0,0.1142,5.119,0
1756830417,55757,0,0.0,0.0,0,0,0.10869999999999999,12.801,0
1756830417,55817,0,0.0,0.0,0,0,0.0925,13.7,0
1756830418,55877,0,0.0,0.0,0,0,0.0782,4.962,0
1756830418,55937,0,0.0,0.0,0,0,0.0776,12.166,0
1756830418,55997,0,0.0,0.0,0,0,0.0902,1.799,0
1756830418,56017,0,0.0,0.0,0,0,0.1199,18.099,0
1756830419,56077,0,0.0,0.0,0,0,0.1646,8.449,0
1756830419,56137,0,0.0,0.0,0,0,0.0788,7.494,0
1756830419,56197,0,0.0,0.0,0,0,0.0791,3.777,0
1756830419,56257,0,0.0,0.0,0,0,0.0842,7.733,0
1756830420,56317,0,0.0,0.0,0,0,0.045,11.723,0
1756830420,56377,0,0.0,0.0,0,0,0.0658,7.528,0
1756830420,56437,0,0.0,0.0,0,0,0.0358,7.715,0
1756830420,56497,0,0.0,0.0,0,0,0.1057,10.715,0
1756830420,56557,0,0.0,0.0,0,0,0.1176,2.255,0
1756830421,56597,0,0.0,0.0,0,0,0.08039999999999999,4.514,0
1756830421,56657,0,0.0,0.0,0,0,0.09609999999999999,7.182,0
1756830421,56717,0,0.0,0.0,0,0,0.0361,3.607,0
1756830421,56777,0,0.0,0.0,0,0,0.049800000000000004,4.006,0
1756830421,56837,0,0.0,0.0,0,0,0.0877,14.329,0
1756830422,56897,0,0.0,0.0,0,0,0.038,9.925,0
1756830422,56957,0,0.0,0.0,0,0,0.1085,4.868,0
1756830422,57017,0,0.0,0.0,0,0,0.0753,11.143,0
1756830422,57077,0,0.0,0.0,0,0,0.0406,5.981,0
1756830423,57137,0,0.0,0.0,0,0,0.061399999999999996,2.304,0
1756830423,57171,0,0.0,0.0,0,0,0.0692,7.223,0
1756830423,57231,0,0.0,0.0,0,0,0.0383,14.369,0
1756830423,57291,0,0.0,0.0,0,0,0.24309999999999998,5.771,0
1756830424,57351,0,0.0,0.0,0,0,0.0509,3.449,0
1756830424,57411,0,0.0,0.0,0,0,0.09369999999999999,2.916,0
1756830424,57471,0,0.0,0.0,0,0,0.079,9.765,0
1756830424,57531,0,0.0,0.0,0,0,0.0373,10.567,0
1756830425,57591,0,0.0,0.0,0,0,0.08220000000000001,3.994,0
1756830425,57643,0,0.0,0.0,0,0,0.23190000000000002,5.149,0
1756830425,57703,0,0.0,0.0,0,0,0.1267,5.769,0
1756830425,57763,0,0.0,0.0,0,0,0.08810000000000001,2.755,0
1756830426,57823,0,0.0,0.0,0,0,0.0782,13.066,0
1756830426,57883,0,0.0,0.0,0,0,0.0678,11.609,0
1756830426,57943,0,0.0,0.0,0,0,0.08650000000000001,18.06,0
1756830426,58003,0,0.0,0.0,0,0,0.0849,3.835,0
1756830427,58063,0,0.0,0.0,0,0,0.07980000000000001,11.108,0
1756830427,58123,0,0.0,0.0,0,0,0.0636,10.139,0
1756830427,58183,0,0.0,0.0,0,0,0.0482,9.187,0
1756830427,58243,0,0.0,0.0,0,0,0.067,7.078,0
1756830428,58303,0,0.0,0.0,0,0,0.048600000000000004,5.513,0
1756830428,58363,0,0.0,0.0,0,0,0.1118,12.14,0
1756830428,58423,0,0.0,0.0,0,0,0.1067,10.519,0
1756830429,58483,0,0.0,0.0,0,0,0.0891,6.562,0
1756830429,58543,0,0.0,0.0,0,0,0.10710000000000001,11.275,0
1756830429,58603,0,0.0,0.0,0,0,0.1081,5.567,0
1756830430,58663,0,0.0,0.0,0,0,0.0902,7.851,0
1756830430,58723,0,0.0,0.0,0,0,0.0347,9.629,0
1756830430,58783,0,0.0,0.0,0,0,0.1709,8.324,0
1756830430,58843,0,0.0,0.0,0,0,0.1024,8.925,0
1756830431,58903,0,0.0,0.0,0,0,0.09849999999999999,4.292,0
1756830431,58963,0,0.0,0.0,0,0,0.0519,1.378,0
1756830431,58980,0,0.0,0.0,0,0,0.0333,3.412,0
1756830431,59032,0,0.0,0.0,0,0,0.050499999999999996,9.885,0
1756830432,59092,0,0.0,0.0,0,0,0.060700000000000004,3.544,0
1756830432,59140,0,0.0,0.0,0,0,0.0901,3.596,0
1756830432,59173,0,0.0,0.0,0,0,0.0684,5.068,0
1756830432,59233,0,0.0,0.0,0,0,0.0572,5.849,0
1756830433,59293,0,0.0,0.0,0,0,0.0793,12.545,0
1756830433,59353,0,0.0,0.0,0,0,0.04650000000000001,2.191,0
1756830433,59384,0,0.0,0.0,0,0,0.0461,18.893,0
1756830433,59444,0,0.0,0.0,0,0,0.0718,6.601,0
1756830434,59504,0,0.0,0.0,0,0,0.1143,6.229,0
1756830434,59564,0,0.0,0.0,0,0,0.11630000000000001,14.937,0
1756830434,59624,0,0.0,0.0,0,0,0.23670000000000002,10.996,0
1756830435,59684,0,0.0,0.0,0,0,0.0764,4.447,0
1756830435,59744,0,0.0,0.0,0,0,0.054400000000000004,8.141,0
1756830435,59804,0,0.0,0.0,0,0,0.0969,2.39,0
1756830435,59854,0,0.0,0.0,0,0,0.0579,6.699,0
1756830436,59914,0,0.0,0.0,0,0,0.0711,7.136,0
1756830436,59974,0,0.0,0.0,0,0,0.08,5.211,0
1756830436,60034,0,0.0,0.0,0,0,0.08960000000000001,13.921,0
1756830436,60094,0,0.0,0.0,0,0,0.0682,18.013,0
1756830437,60154,0,0.0,0.0,0,0,0.0625,10.462,0
1756830437,60214,0,0.0,0.0,0,0,0.0394,6.158,0
1756830437,60274,0,0.0,0.0,0,0,0.1672,10.102,0
1756830437,60334,0,0.0,0.0,0,0,0.1103,2.558,0
1756830438,60394,0,0.0,0.0,0,0,0.0667,9.358,0
1756830438,60454,0,0.0,0.0,0,0,0.09519999999999999,8.105,0
1756830438,60514,0,0.0,0.0,0,0,0.1155,7.885,0
1756830438,60574,0,0.0,0.0,0,0,0.0512,0.945,0
1756830438,60591,0,0.0,0.0,0,0,0.0922,18.012,0
1756830439,60651,0,0.0,0.0,0,0,0.095,9.828,0
1756830439,60711,0,0.0,0.0,0,0,0.0334,5.073,0
1756830439,60771,0,0.0,0.0,0,0,0.0431,13.428,0
1756830439,60831,0,0.0,0.0,0,0,0.054000000000000006,18.072,0
1756830440,60891,0,0.0,0.0,0,0,0.036000000000000004,10.011,0
1756830440,60951,0,0.0,0.0,0,0,0.0622,8.356,0
1756830440,61011,0,0.0,0.0,0,0,0.0978,7.118,0
1756830440,61071,0,0.0,0.0,0,0,0.0703,8.963,0
1756830440,61131,0,0.0,0.0,0,0,0.0405,15.024,0
1756830441,61191,0,0.0,0.0,0,0,0.0484,18.115,0
1756830441,61251,0,0.0,0.0,0,0,0.0718,8.05,0
1756830441,61311,0,0.0,0.0,0,0,0.039,5.674,0
1756830442,61371,0,0.0,0.0,0,0,0.1043,3.62,0
1756830442,61421,0,0.0,0.0,0,0,0.0451,2.838,0
1756830442,61459,0,0.0,0.0,0,0,0.050199999999999995,8.706,0
1756830442,61519,0,0.0,0.0,0,0,0.0649,1.234,0
1756830443,61552,0,0.0,0.0,0,0,0.08869999999999999,4.666,0
1756830443,61612,0,0.0,0.0,0,0,0.064,10.203,0
1756830443,61672,0,0.0,0.0,0,0,0.0541,9.408,0
1756830443,61732,0,0.0,0.0,0,0,0.0906,18.589,0
1756830444,61792,0,0.0,0.0,0,0,0.0475,11.961,0
1756830444,61852,0,0.0,0.0,0,0,0.11380000000000001,12.912,0
1756830444,61912,0,0.0,0.0,0,0,0.047599999999999996,2.792,0
1756830444,61972,0,0.0,0.0,0,0,0.08650000000000001,2.639,0
1756830444,61989,0,0.0,0.0,0,0,0.0684,11.963,0
1756830445,62049,0,0.0,0.0,0,0,0.10640000000000001,5.983,0
1756830445,62109,0,0.0,0.0,0,0,0.1045,2.565,0
1756830445,62157,0,0.0,0.0,0,0,0.1776,10.614,0
1756830445,62217,0,0.0,0.0,0,0,0.0902,7.354,0
1756830446,62277,0,0.0,0.0,0,0,0.1199,18.218,0
1756830446,62337,0,0.0,0.0,0,0,0.1812,11.218,0
1756830446,62397,0,0.0,0.0,0,0,0.11599999999999999,2.022,0
1756830446,62428,0,0.0,0.0,0,0,0.06709999999999999,4.76,0
1756830447,62488,0,0.0,0.0,0,0,0.1039,11.819,0
1756830447,62548,0,0.0,0.0,0,0,0.0971,11.256,0
1756830447,62608,0,0.0,0.0,0,0,0.2053,9.576,0
1756830447,62668,0,0.0,0.0,0,0,0.0327,18.328,0
1756830448,62728,0,0.0,0.0,0,0,0.0691,6.629,0
1756830448,62788,0,0.0,0.0,0,0,0.0447,10.214,0
1756830448,62848,0,0.0,0.0,0,0,0.1072,13.865,0
1756830448,62908,0,0.0,0.0,0,0,0.049400000000000006,7.159,0
1756830449,62968,0,0.0,0.0,0,0,0.2445,1.607,0
1756830449,62989,0,0.0,0.0,0,0,0.0354,10.679,0
1756830449,63049,0,0.0,0.0,0,0,0.099,1.797,0
1756830449,63073,0,0.0,0.0,0,0,0.0409,3.443,0
1756830450,63133,0,0.0,0.0,0,0,0.0823,6.77,0
1756830450,63193,0,0.0,0.0,0,0,0.0924,10.795,0
1756830450,63253,0,0.0,0.0,0,0,0.0901,9.329,0
1756830450,63313,0,0.0,0.0,0,0,0.1597,4.603,0
1756830450,63373,0,0.0,0.0,0,0,0.1016,6.033,0
1756830451,63433,0,0.0,0.0,0,0,0.1001,5.204,0
1756830451,63493,0,0.0,0.0,0,0,0.0545,6.729,0
1756830451,63553,0,0.0,0.0,0,0,0.0925,12.213,0
1756830452,63613,0,0.0,0.0,0,0,0.1298,7.306,0
1756830452,63673,0,0.0,0.0,0,0,0.0832,11.022,0
1756830452,63733,0,0.0,0.0,0,0,0.048799999999999996,12.904,0
1756830452,63793,0,0.0,0.0,0,0,0.042199999999999994,8.439,0
1756830453,63853,0,0.0,0.0,0,0,0.0759,4.497,0
1756830453,63913,0,0.0,0.0,0,0,0.1321,9.483,0
1756830453,63973,0,0.0,0.0,0,0,0.0557,10.683,0
1756830453,64033,0,0.0,0.0,0,0,0.0338,11.053,0
1756830454,64093,0,0.0,0.0,0,0,0.0877,4.643,0
1756830454,64153,0,0.0,0.0,0,0,0.0852,12.946,0
1756830454,64213,0,0.0,0.0,0,0,0.19940000000000002,14.698,0
1756830455,64273,0,0.0,0.0,0,0,0.0529,9.41,0
1756830455,64333,0,0.0,0.0,0,0,0.08,2.702,0
1756830455,64387,0,0.0,0.0,0,0,0.08539999999999999,2.786,0
1756830455,64431,0,0.0,0.0,0,0,0.0875,4.194,0
1756830456,64491,0,0.0,0.0,0,0,0.1081,5.616,0
1756830456,64551,0,0.0,0.0,0,0,0.0676,5.849,0
1756830456,64611,0,0.0,0.0,0,0,0.08410000000000001,9.33,0
1756830456,64671,0,0.0,0.0,0,0,0.0495,10.395,0
1756830457,64731,0,0.0,0.0,0,0,0.102,11.079,0
1756830457,64791,0,0.0,0.0,0,0,0.0833,2.385,0
1756830457,64820,0,0.0,0.0,0,0,0.0669,12.874,0
1756830458,64880,0,0.0,0.0,0,0,0.0801,6.583,0
1756830458,64940,0,0.0,0.0,0,0,0.08560000000000001,12.733,0
1756830458,65000,0,0.0,0.0,0,0,0.1045,4.371,0
1756830459,65060,0,0.0,0.0,0,0,0.0756,11.123,0
1756830459,65120,0,0.0,0.0,0,0,0.1175,5.719,0
1756830459,65180,0,0.0,0.0,0,0,0.0302,3.009,0
1756830460,65240,0,0.0,0.0,0,0,0.23600000000000002,10.324,0
1756830460,65300,0,0.0,0.0,0,0,0.1691,10.979,0
1756830460,65360,0,0.0,0.0,0,0,0.08689999999999999,8.567,0
1756830460,65420,0,0.0,0.0,0,0,0.032799999999999996,13.743,0
1756830461,65480,0,0.0,0.0,0,0,0.0823,2.578,0
1756830461,65517,0,0.0,0.0,0,0,0.10039999999999999,7.157,0
1756830461,65577,0,0.0,0.0,0,0,0.054400000000000004,9.688,0
1756830462,65637,0,0.0,0.0,0,0,0.0692,5.186,0
1756830462,65692,0,0.0,0.0,0,0,0.0753,6.163,0
1756830462,65752,0,0.0,0.0,0,0,0.1063,10.922,0
1756830463,65812,0,0.0,0.0,0,0,0.2492,7.557,0
1756830463,65872,0,0.0,0.0,0,0,0.2108,9.685,0
1756830463,65932,0,0.0,0.0,0,0,0.0868,5.389,0
1756830463,65992,0,0.0,0.0,0,0,0.095,3.577,0
1756830464,66052,0,0.0,0.0,0,0,0.046799999999999994,18.229,0
1756830464,66112,0,0.0,0.0,0,0,0.0506,15.855,0
1756830464,66172,0,0.0,0.0,0,0,0.0346,3.481,0
1756830464,66232,0,0.0,0.0,0,0,0.0733,1.644,0
1756830465,66259,0,0.0,0.0,0,0,0.1889,10.721,0
1756830465,66319,0,0.0,0.0,0,0,0.1634,14.857,0
1756830465,66379,0,0.0,0.0,0,0,0.0703,9.949,0
1756830465,66439,0,0.0,0.0,0,0,0.11410000000000001,5.452,0
1756830466,66499,0,0.0,0.0,0,0,0.09939999999999999,4.691,0
1756830466,66559,0,0.0,0.0,0,0,0.0553,4.132,0
1756830466,66609,0,0.0,0.0,0,0,0.0519,7.226,0
1756830466,66669,0,0.0,0.0,0,0,0.030699999999999998,1.611,0
1756830467,66701,0,0.0,0.0,0,0,0.07629999999999999,6.662,0
1756830467,66761,0,0.0,0.0,0,0,0.0675,1.964,0
1756830467,66796,0,0.0,0.0,0,0,0.11699999999999999,3.782,0
1756830467,66842,0,0.0,0.0,0,0,0.0713,2.893,0
1756830468,66892,0,0.0,0.0,0,0,0.2459,4.168,0
1756830468,66927,0,0.0,0.0,0,0,0.11359999999999999,5.734,0
1756830468,66987,0,0.0,0.0,0,0,0.1191,0.147,0
1756830468,66992,0,0.0,0.0,0,0,0.1168,18.228,0
1756830468,67052,0,0.0,0.0,0,0,0.0301,8.286,0
1756830469,67112,0,0.0,0.0,0,0,0.1059,7.634,0
1756830469,67172,0,0.0,0.0,0,0,0.1063,6.995,0
1756830469,67232,0,0.0,0.0,0,0,0.0429,11.11,0
1756830469,67292,0,0.0,0.0,0,0,0.08439999999999999,8.168,0
1756830470,67352,0,0.0,0.0,0,0,0.08410000000000001,4.305,0
1756830470,67412,0,0.0,0.0,0,0,0.0458,8.687,0
1756830470,67472,0,0.0,0.0,0,0,0.09949999999999999,18.71,0
1756830471,67532,0,0.0,0.0,0,0,0.1005,5.652,0
1756830471,67592,0,0.0,0.0,0,0,0.0814,4.076,0
1756830471,67652,0,0.0,0.0,0,0,0.0316,4.119,0
1756830471,67706,0,0.0,0.0,0,0,0.0441,0.711,0
1756830472,67717,0,0.0,0.0,0,0,0.09140000000000001,7.853,0
1756830472,67777,0,0.0,0.0,0,0,0.1093,15.906,0
1756830472,67837,0,0.0,0.0,0,0,0.0348,6.337,0
1756830473,67897,0,0.0,0.0,0,0,0.1032,18.05,0
1756830473,67957,0,0.0,0.0,0,0,0.1873,7.378,0
1756830473,68017,0,0.0,0.0,0,0,0.0891,13.417,0
1756830473,68077,0,0.0,0.0,0,0,0.0756,4.122,0
1756830474,68137,0,0.0,0.0,0,0,0.06280000000000001,7.293,0
1756830474,68197,0,0.0,0.0,0,0,0.09570000000000001,0.608,0
1756830474,68208,0,0.0,0.0,0,0,0.0556,5.255,0
1756830475,68268,0,0.0,0.0,0,0,0.1787,10.493,0
1756830475,68328,0,0.0,0.0,0,0,0.0571,7.778,0
1756830475,68388,0,0.0,0.0,0,0,0.08810000000000001,3.082,0
1756830475,68443,0,0.0,0.0,0,0,0.09699999999999999,8.545,0
1756830476,68503,0,0.0,0.0,0,0,0.0358,6.788,0
1756830476,68563,0,0.0,0.0,0,0,0.115,15.415,0
1756830476,68623,0,0.0,0.0,0,0,0.036000000000000004,11.467,0
1756830477,68683,0,0.0,0.0,0,0,0.0819,4.376,0
1756830477,68732,0,0.0,0.0,0,0,0.057999999999999996,3.221,0
1756830477,68786,0,0.0,0.0,0,0,0.2403,6.214,0
1756830477,68846,0,0.0,0.0,0,0,0.0301,18.596,0
1756830478,68906,0,0.0,0.0,0,0,0.0362,17.215,0
1756830478,68966,0,0.0,0.0,0,0,0.08109999999999999,2.193,0
1756830478,69007,0,0.0,0.0,0,0,0.0482,7.77,0
1756830478,69067,0,0.0,0.0,0,0,0.08929999999999999,7.289,0
1756830479,69127,0,0.0,0.0,0,0,0.0349,13.476,0
1756830479,69187,0,0.0,0.0,0,0,0.0901,4.133,0
1756830479,69247,0,0.0,0.0,0,0,0.0962,7.298,0
1756830480,69307,0,0.0,0.0,0,0,0.0942,6.926,0
1756830480,69367,0,0.0,0.0,0,0,0.0793,8.365,0
1756830480,69427,0,0.0,0.0,0,0,0.049800000000000004,9.199,0
1756830480,69487,0,0.0,0.0,0,0,0.0716,9.062,0
1756830481,69547,0,0.0,0.0,0,0,0.1018,18.279,0
1756830481,69607,0,0.0,0.0,0,0,0.1509,7.885,0
1756830481,69667,0,0.0,0.0,0,0,0.0802,4.384,0
1756830482,69727,0,0.0,0.0,0,0,0.0684,6.134,0
1756830482,69787,0,0.0,0.0,0,0,0.0895,2.645,0
1756830482,69817,0,0.0,0.0,0,0,0.1186,11.462,0
1756830482,69877,0,0.0,0.0,0,0,0.0693,8.172,0
1756830483,69937,0,0.0,0.0,0,0,0.045599999999999995,10.81,0
1756830483,69997,0,0.0,0.0,0,0,0.07719999999999999,2.173,0
1756830483,70030,0,0.0,0.0,0,0,0.07519999999999999,5.724,0
1756830483,70090,0,0.0,0.0,0,0,0.0712,12.224,0
1756830484,70150,0,0.0,0.0,0,0,0.09140000000000001,6.329,0
1756830484,70210,0,0.0,0.0,0,0,0.08650000000000001,18.05,0
1756830484,70270,0,0.0,0.0,0,0,0.15460000000000002,9.512,0
1756830484,70330,0,0.0,0.0,0,0,0.0658,2.659,0
1756830485,70371,0,0.0,0.0,0,0,0.18710000000000002,7.285,0
1756830485,70431,0,0.0,0.0,0,0,0.05,15.409,0
1756830485,70491,0,0.0,0.0,0,0,0.035699999999999996,12.67,0
1756830485,70551,0,0.0,0.0,0,0,0.054400000000000004,4.671,0
1756830486,70611,0,0.0,0.0,0,0,0.083,6.53,0
1756830486,70671,0,0.0,0.0,0,0,0.063,7.717,0
1756830486,70731,0,0.0,0.0,0,0,0.053399999999999996,11.951,0
1756830486,70791,0,0.0,0.0,0,0,0.04,9.407,0
1756830487,70851,0,0.0,0.0,0,0,0.22519999999999998,9.379,0
1756830487,70911,0,0.0,0.0,0,0,0.03,3.826,0
1756830487,70971,0,0.0,0.0,0,0,0.0861,4.542,0
1756830487,71022,0,0.0,0.0,0,0,0.0866,8.219,0
1756830488,71082,0,0.0,0.0,0,0,0.09380000000000001,9.251,0
1756830488,71142,0,0.0,0.0,0,0,0.0509,18.357,0
1756830488,71202,0,0.0,0.0,0,0,0.1084,5.278,0
1756830488,71262,0,0.0,0.0,0,0,0.0645,9.971,0
1756830489,71322,0,0.0,0.0,0,0,0.0785,0.074,0
1756830489,71326,0,0.0,0.0,0,0,0.054000000000000006,7.178,0
1756830489,71386,0,0.0,0.0,0,0,0.10220000000000001,5.059,0
1756830490,71446,0,0.0,0.0,0,0,0.075,4.917,0
1756830490,71506,0,0.0,0.0,0,0,0.066,4.281,0
1756830490,71566,0,0.0,0.0,0,0,0.0512,6.922,0
1756830490,71626,0,0.0,0.0,0,0,0.1054,4.803,0
1756830491,71686,0,0.0,0.0,0,0,0.0371,10.496,0
1756830491,71746,0,0.0,0.0,0,0,0.1051,3.81,0
1756830491,71806,0,0.0,0.0,0,0,0.12,9.698,0
1756830491,71866,0,0.0,0.0,0,0,0.0655,18.086,0
1756830492,71926,0,0.0,0.0,0,0,0.0862,3.619,0
1756830492,71976,0,0.0,0.0,0,0,0.05,5.918,0
1756830492,72036,0,0.0,0.0,0,0,0.2,4.028,0
1756830492,72096,0,0.0,0.0,0,0,0.0989,10.571,0
1756830492,72156,0,0.0,0.0,0,0,0.07139999999999999,5.871,0
1756830493,72216,0,0.0,0.0,0,0,0.0771,5.02,0
1756830493,72276,0,0.0,0.0,0,0,0.2348,12.53,0
1756830493,72336,0,0.0,0.0,0,0,0.1165,1.413,0
1756830493,72360,0,0.0,0.0,0,0,0.2273,8.036,0
1756830494,72420,0,0.0,0.0,0,0,0.1832,1.137,0
1756830494,72433,0,0.0,0.0,0,0,0.0384,7.482,0
1756830494,72493,0,0.0,0.0,0,0,0.0349,4.835,0
1756830494,72553,0,0.0,0.0,0,0,0.0401,6.56,0
1756830494,72613,0,0.0,0.0,0,0,0.1127,5.614,0
1756830495,72673,0,0.0,0.0,0,0,0.0805,9.814,0
1756830495,72733,0,0.0,0.0,0,0,0.09820000000000001,18.085,0
1756830495,72793,0,0.0,0.0,0,0,0.044800000000000006,8.734,0
1756830495,72853,0,0.0,0.0,0,0,0.09609999999999999,5.906,0
1756830496,72913,0,0.0,0.0,0,0,0.0992,18.035,0
1756830496,72973,0,0.0,0.0,0,0,0.0436,9.315,0
1756830496,73033,0,0.0,0.0,0,0,0.1697,9.11,0
1756830496,73093,0,0.0,0.0,0,0,0.0666,12.95,0
1756830497,73153,0,0.0,0.0,0,0,0.11470000000000001,7.161,0
1756830497,73213,0,0.0,0.0,0,0,0.0805,8.436,0
1756830497,73273,0,0.0,0.0,0,0,0.0319,18.004,0
1756830497,73333,0,0.0,0.0,0,0,0.0444,6.537,0
1756830498,73393,0,0.0,0.0,0,0,0.037000000000000005,6.262,0
1756830498,73453,0,0.0,0.0,0,0,0.10710000000000001,2.331,0
1756830498,73482,0,0.0,0.0,0,0,0.1016,15.513,0
1756830498,73542,0,0.0,0.0,0,0,0.1446,11.491,0
1756830498,73602,0,0.0,0.0,0,0,0.056100000000000004,8.72,0
1756830498,73662,0,0.0,0.0,0,0,0.1902,18.392,0
1756830499,73722,0,0.0,0.0,0,0,0.1245,4.577,0
1756830499,73775,0,0.0,0.0,0,0,0.09880000000000001,8.229,0
1756830499,73835,0,0.0,0.0,0,0,0.0415,13.375,0
1756830499,73895,0,0.0,0.0,0,0,0.0562,8.833,0
1756830500,73955,0,0.0,0.0,0,0,0.1139,12.143,0
1756830500,74015,0,0.0,0.0,0,0,0.10460000000000001,14.446,0
1756830500,74075,0,0.0,0.0,0,0,0.1211,3.547,0
1756830500,74135,0,0.0,0.0,0,0,0.1213,1.784,0
1756830501,74183,0,0.0,0.0,0,0,0.11289999999999999,4.796,0
1756830501,74243,0,0.0,0.0,0,0,0.0646,11.017,0
1756830501,74303,0,0.0,0.0,0,0,0.0864,8.971,0
1756830501,74363,0,0.0,0.0,0,0,0.0635,8.261,0
1756830502,74423,0,0.0,0.0,0,0,0.0973,9.567,0
1756830502,74483,0,0.0,0.0,0,0,0.0579,8.737,0
1756830502,74543,0,0.0,0.0,0,0,0.063,6.033,0
1756830502,74603,0,0.0,0.0,0,0,0.10769999999999999,14.736,0
1756830502,74663,0,0.0,0.0,0,0,0.2023,10.675,0
1756830503,74723,0,0.0,0.0,0,0,0.0774,1.825,0
1756830503,74746,0,0.0,0.0,0,0,0.09910000000000001,12.649,0
1756830503,74806,0,0.0,0.0,0,0,0.0364,4.665,0
1756830503,74866,0,0.0,0.0,0,0,0.044199999999999996,11.014,0
1756830503,74926,0,0.0,0.0,0,0,0.0933,9.766,0
1756830504,74986,0,0.0,0.0,0,0,0.1881,1.695,0
1756830504,75010,0,0.0,0.0,0,0,0.0643,2.018,0
1756830504,75038,0,0.0,0.0,0,0,0.08460000000000001,5.117,0
1756830504,75098,0,0.0,0.0,0,0,0.0694,8.57,0
1756830504,75158,0,0.0,0.0,0,0,0.0674,1.013,0
1756830504,75177,0,0.0,0.0,0,0,0.051399999999999994,5.474,0
1756830505,75237,0,0.0,0.0,0,0,0.0332,8.292,0
1756830505,75297,0,0.0,0.0,0,0,0.0796,4.654,0
1756830505,75357,0,0.0,0.0,0,0,0.1108,3.534,0
1756830505,75417,0,0.0,0.0,0,0,0.1398,9.999,0
1756830506,75477,0,0.0,0.0,0,0,0.1121,7.125,0
1756830506,75537,0,0.0,0.0,0,0,0.0466,4.104,0
1756830506,75594,0,0.0,0.0,0,0,0.11410000000000001,18.094,0
1756830506,75654,0,0.0,0.0,0,0,0.11259999999999999,4.614,0
1756830507,75707,0,0.0,0.0,0,0,0.0504,7.963,0
1756830507,75767,0,0.0,0.0,0,0,0.0806,11.225,0
1756830507,75827,0,0.0,0.0,0,0,0.0652,6.847,0
1756830508,75887,0,0.0,0.0,0,0,0.0897,9.189,0
1756830508,75947,0,0.0,0.0,0,0,0.0889,11.004,0
1756830508,76007,0,0.0,0.0,0,0,0.1173,13.262,0
1756830508,76067,0,0.0,0.0,0,0,0.1015,8.759,0
1756830509,76127,0,0.0,0.0,0,0,0.099,4.19,0
1756830509,76187,0,0.0,0.0,0,0,0.09880000000000001,13.636,0
1756830509,76247,0,0.0,0.0,0,0,0.0526,11.606,0
1756830510,76307,0,0.0,0.0,0,0,0.0928,8.194,0
1756830510,76367,0,0.0,0.0,0,0,0.0663,3.316,0
1756830510,76417,0,0.0,0.0,0,0,0.0834,3.847,0
1756830510,76477,0,0.0,0.0,0,0,0.217,12.172,0
1756830511,76537,0,0.0,0.0,0,0,0.0786,7.678,0
1756830511,76597,0,0.0,0.0,0,0,0.11349999999999999,3.781,0
1756830511,76657,0,0.0,0.0,0,0,0.0783,8.437,0
1756830511,76717,0,0.0,0.0,0,0,0.0636,5.057,0
1756830512,76777,0,0.0,0.0,0,0,0.08529999999999999,1.761,0
1756830512,76802,0,0.0,0.0,0,0,0.0302,6.122,0
1756830512,76862,0,0.0,0.0,0,0,0.034300000000000004,5.45,0
1756830512,76922,0,0.0,0.0,0,0,0.11109999999999999,1.868,0
1756830513,76951,0,0.0,0.0,0,0,0.0554,3.721,0
1756830513,77009,0,0.0,0.0,0,0,0.213,2.741,0
1756830513,77050,0,0.0,0.0,0,0,0.0545,8.974,0
1756830513,77110,0,0.0,0.0,0,0,0.2014,7.105,0
1756830514,77170,0,0.0,0.0,0,0,0.0354,4.341,0
1756830514,77227,0,0.0,0.0,0,0,0.10890000000000001,5.992,0
1756830514,77287,0,0.0,0.0,0,0,0.1134,3.601,0
1756830514,77347,0,0.0,0.0,0,0,0.0334,6.961,0
1756830515,77407,0,0.0,0.0,0,0,0.0588,11.654,0
1756830515,77467,0,0.0,0.0,0,0,0.10039999999999999,7.01,0
1756830515,77527,0,0.0,0.0,0,0,0.0461,3.873,0
1756830515,77587,0,0.0,0.0,0,0,0.075,2.235,0
1756830516,77616,0,0.0,0.0,0,0,0.0425,2.658,0
1756830516,77644,0,0.0,0.0,0,0,0.0584,7.918,0
1756830516,77704,0,0.0,0.0,0,0,0.039,1.269,0
1756830516,77738,0,0.0,0.0,0,0,0.0613,18.987,0
1756830516,77798,0,0.0,0.0,0,0,0.19210000000000002,18.063,0
1756830517,77858,0,0.0,0.0,0,0,0.1005,8.586,0
1756830517,77918,0,0.0,0.0,0,0,0.0552,9.626,0
1756830517,77978,0,0.0,0.0,0,0,0.0634,4.603,0
1756830518,78038,0,0.0,0.0,0,0,0.09230000000000001,10.299,0
1756830518,78098,0,0.0,0.0,0,0,0.045,3.321,0
1756830518,78152,0,0.0,0.0,0,0,0.0516,14.446,0
1756830518,78212,0,0.0,0.0,0,0,0.0552,5.614,0
1756830519,78272,0,0.0,0.0,0,0,0.044199999999999996,6.591,0
1756830519,78332,0,0.0,0.0,0,0,0.0789,2.707,0
1756830519,78368,0,0.0,0.0,0,0,0.2261,4.558,0
1756830520,78428,0,0.0,0.0,0,0,0.0678,8.766,0
1756830520,78488,0,0.0,0.0,0,0,0.0926,7.899,0
1756830520,78548,0,0.0,0.0,0,0,0.0316,12.538,0
1756830520,78608,0,0.0,0.0,0,0,0.08039999999999999,12.626,0
1756830521,78668,0,0.0,0.0,0,0,0.1578,4.281,0
1756830521,78728,0,0.0,0.0,0,0,0.0688,9.782,0
1756830521,78788,0,0.0,0.0,0,0,0.07980000000000001,12.627,0
1756830521,78848,0,0.0,0.0,0,0,0.11460000000000001,4.804,0
1756830522,78908,0,0.0,0.0,0,0,0.0962,8.252,0
1756830522,78968,0,0.0,0.0,0,0,0.11689999999999999,7.886,0
1756830522,79028,0,0.0,0.0,0,0,0.15990000000000001,16.315,0
1756830522,79088,0,0.0,0.0,0,0,0.0809,6.734,0
1756830523,79148,0,0.0,0.0,0,0,0.1054,16.023,0
1756830523,79208,0,0.0,0.0,0,0,0.0753,4.936,0
1756830523,79260,0,0.0,0.0,0,0,0.0379,11.167,0
1756830523,79320,0,0.0,0.0,0,0,0.0375,12.167,0
1756830524,79380,0,0.0,0.0,0,0,0.1035,14.228,0
1756830524,79440,0,0.0,0.0,0,0,0.0683,7.336,0
1756830524,79500,0,0.0,0.0,0,0,0.0547,6.944,0
1756830524,79560,0,0.0,0.0,0,0,0.1185,13.637,0
1756830525,79620,0,0.0,0.0,0,0,0.0489,8.563,0
1756830525,79680,0,0.0,0.0,0,0,0.0519,1.556,0
1756830525,79700,0,0.0,0.0,0,0,0.0381,5.164,0
1756830526,79760,0,0.0,0.0,0,0,0.0319,15.182,0
1756830526,79820,0,0.0,0.0,0,0,0.07519999999999999,8.717,0
1756830526,79880,0,0.0,0.0,0,0,0.0646,3.668,0
1756830526,79923,0,0.0,0.0,0,0,0.1185,8.895,0
1756830527,79983,0,0.0,0.0,0,0,0.0655,6.864,0
1756830527,80043,0,0.0,0.0,0,0,0.056600000000000004,7.355,0
1756830527,80103,0,0.0,0.0,0,0,0.1168,5.283,0
1756830527,80163,0,0.0,0.0,0,0,0.0673,9.417,0
1756830528,80223,0,0.0,0.0,0,0,0.1968,7.414,0
1756830528,80283,0,0.0,0.0,0,0,0.0926,0.726,0
1756830528,80306,0,0.0,0.0,0,0,0.0934,6.801,0
1756830528,80366,0,0.0,0.0,0,0,0.054000000000000006,12.525,0
1756830529,80426,0,0.0,0.0,0,0,0.0576,1.83,0
1756830529,80444,0,0.0,0.0,0,0,0.09720000000000001,7.772,0
1756830529,80504,0,0.0,0.0,0,0,0.1563,5.746,0
1756830529,80564,0,0.0,0.0,0,0,0.053,6.31,0
1756830529,80624,0,0.0,0.0,0,0,0.11220000000000001,18.21,0
1756830530,80684,0,0.0,0.0,0,0,0.0548,2.726,0
1756830530,80727,0,0.0,0.0,0,0,0.20370000000000002,10.751,0
1756830530,80787,0,0.0,0.0,0,0,0.1285,8.88,0
1756830530,80847,0,0.0,0.0,0,0,0.06509999999999999,16.386,0
1756830530,80907,0,0.0,0.0,0,0,0.037599999999999995,9.858,0
1756830531,80967,0,0.0,0.0,0,0,0.0417,18.216,0
1756830531,81027,0,0.0,0.0,0,0,0.056900000000000006,13.597,0
1756830531,81087,0,0.0,0.0,0,0,0.0593,5.173,0
1756830531,81147,0,0.0,0.0,0,0,0.2328,5.541,0
1756830532,81207,0,0.0,0.0,0,0,0.049400000000000006,6.811,0
1756830532,81267,0,0.0,0.0,0,0,0.11449999999999999,4.887,0
1756830532,81327,0,0.0,0.0,0,0,0.092,9.987,0
1756830532,81387,0,0.0,0.0,0,0,0.0462,4.902,0
1756830533,81447,0,0.0,0.0,0,0,0.11449999999999999,5.871,0
1756830533,81507,0,0.0,0.0,0,0,0.1013,14.004,0
1756830533,81567,0,0.0,0.0,0,0,0.0493,18.219,0
1756830534,81627,0,0.0,0.0,0,0,0.030299999999999997,10.837,0
1756830534,81687,0,0.0,0.0,0,0,0.038599999999999995,2.7,0
1756830534,81747,0,0.0,0.0,0,0,0.1997,9.074,0
1756830534,81807,0,0.0,0.0,0,0,0.043,2.281,0
1756830535,81843,0,0.0,0.0,0,0,0.07780000000000001,6.098,0
1756830535,81903,0,0.0,0.0,0,0,0.09789999999999999,8.009,0
1756830535,81963,0,0.0,0.0,0,0,0.0906,12.788,0
1756830536,82023,0,0.0,0.0,0,0,0.0809,10.119,0
1756830536,82083,0,0.0,0.0,0,0,0.08960000000000001,12.485,0
1756830536,82143,0,0.0,0.0,0,0,0.1913,10.062,0
1756830537,82203,0,0.0,0.0,0,0,0.126,1.389,0
1756830537,82232,0,0.0,0.0,0,0,0.1162,4.025,0
1756830537,82291,0,0.0,0.0,0,0,0.0342,4.834,0
1756830537,82351,0,0.0,0.0,0,0,0.061500000000000006,4.202,0
1756830537,82411,0,0.0,0.0,0,0,0.07719999999999999,18.01,0
1756830538,82471,0,0.0,0.0,0,0,0.0548,7.969,0
1756830538,82531,0,0.0,0.0,0,0,0.1075,2.851,0
1756830538,82591,0,0.0,0.0,0,0,0.0803,10.615,0
1756830538,82651,0,0.0,0.0,0,0,0.2395,4.569,0
1756830539,82711,0,0.0,0.0,0,0,0.049400000000000006,8.161,0
1756830539,82771,0,0.0,0.0,0,0,0.0682,18.266,0
1756830539,82831,0,0.0,0.0,0,0,0.1139,10.321,0
1756830540,82891,0,0.0,0.0,0,0,0.2481,5.755,0
1756830540,82951,0,0.0,0.0,0,0,0.0755,6.367,0
1756830540,83011,0,0.0,0.0,0,0,0.0741,0.847,0
1756830540,83025,0,0.0,0.0,0,0,0.1175,10.762,0
1756830540,83085,0,0.0,0.0,0,0,0.0877,6.257,0
1756830541,83145,0,0.0,0.0,0,0,0.0943,8.592,0
1756830541,83205,0,0.0,0.0,0,0,0.045,8.256,0
1756830541,83265,0,0.0,0.0,0,0,0.0668,9.182,0
1756830541,83325,0,0.0,0.0,0,0,0.0984,6.235,0
1756830542,83385,0,0.0,0.0,0,0,0.0406,3.834,0
1756830542,83445,0,0.0,0.0,0,0,0.058499999999999996,9.595,0
1756830542,83505,0,0.0,0.0,0,0,0.1096,11.749,0
1756830542,83565,0,0.0,0.0,0,0,0.0764,14.924,0
1756830543,83625,0,0.0,0.0,0,0,0.0999,3.922,0
1756830543,83685,0,0.0,0.0,0,0,0.0704,9.565,0
1756830543,83745,0,0.0,0.0,0,0,0.0552,5.127,0
1756830543,83805,0,0.0,0.0,0,0,0.1168,7.762,0
1756830544,83865,0,0.0,0.0,0,0,0.0788,12.405,0
1756830544,83925,0,0.0,0.0,0,0,0.0978,3.05,0
1756830544,83985,0,0.0,0.0,0,0,0.0322,2.564,0
1756830545,84045,0,0.0,0.0,0,0,0.047,6.211,0
1756830545,84105,0,0.0,0.0,0,0,0.0764,9.35,0
1756830545,84165,0,0.0,0.0,0,0,0.0356,9.851,0
1756830545,84225,0,0.0,0.0,0,0,0.1642,3.287,0
1756830546,84267,0,0.0,0.0,0,0,0.0588,11.771,0
1756830546,84327,0,0.0,0.0,0,0,0.0658,11.396,0
1756830546,84387,0,0.0,0.0,0,0,0.038599999999999995,8.044,0
1756830546,84447,0,0.0,0.0,0,0,0.0554,4.548,0
1756830547,84507,0,0.0,0.0,0,0,0.0726,3.086,0
1756830547,84567,0,0.0,0.0,0,0,0.0393,2.574,0
1756830547,84602,0,0.0,0.0,0,0,0.09230000000000001,5.411,0
1756830547,84662,0,0.0,0.0,0,0,0.1061,14.831,0
1756830547,84722,0,0.0,0.0,0,0,0.0308,10.3,0
1756830548,84782,0,0.0,0.0,0,0,0.0909,1.987,0
1756830548,84805,0,0.0,0.0,0,0,0.062400000000000004,4.944,0
1756830548,84865,0,0.0,0.0,0,0,0.055099999999999996,9.461,0
1756830548,84925,0,0.0,0.0,0,0,0.2112,18.262,0
1756830549,84985,0,0.0,0.0,0,0,0.0384,3.082,0
1756830549,85045,0,0.0,0.0,0,0,0.09519999999999999,6.241,0
1756830549,85105,0,0.0,0.0,0,0,0.044800000000000006,8.49,0
1756830550,85165,0,0.0,0.0,0,0,0.08789999999999999,15.461,0
1756830550,85225,0,0.0,0.0,0,0,0.10800000000000001,14.262,0
1756830550,85285,0,0.0,0.0,0,0,0.0966,4.493,0
1756830550,85345,0,0.0,0.0,0,0,0.09789999999999999,7.48,0
1756830551,85405,0,0.0,0.0,0,0,0.0365,5.435,0
1756830551,85465,0,0.0,0.0,0,0,0.0464,11.178,0
1756830551,85525,0,0.0,0.0,0,0,0.0347,4.305,0
1756830551,85585,0,0.0,0.0,0,0,0.2498,16.796,0
1756830552,85645,0,0.0,0.0,0,0,0.0385,6.246,0
1756830552,85705,0,0.0,0.0,0,0,0.0513,4.278,0
1756830552,85752,0,0.0,0.0,0,0,0.0964,1.701,0
1756830552,85778,0,0.0,0.0,0,0,0.09519999999999999,11.093,0
1756830552,85838,0,0.0,0.0,0,0,0.0524,3.954,0
1756830553,85898,0,0.0,0.0,0,0,0.0716,8.929,0
1756830553,85958,0,0.0,0.0,0,0,0.0852,4.891,0
1756830553,86014,0,0.0,0.0,0,0,0.09050000000000001,4.478,0
1756830554,86074,0,0.0,0.0,0,0,0.1176,15.081,0
1756830554,86134,0,0.0,0.0,0,0,0.0675,0.439,0
1756830554,86147,0,0.0,0.0,0,0,0.11539999999999999,12.009,0
1756830554,86207,0,0.0,0.0,0,0,0.09849999999999999,12.445,0
1756830555,86267,0,0.0,0.0,0,0,0.064,7.191,0
1756830555,86327,0,0.0,0.0,0,0,0.12240000000000001,8.323,0
1756830555,86387,0,0.0,0.0,0,0,0.0467,6.823,0
1756830556,86447,0,0.0,0.0,0,0,0.099,8.884,0
1756830556,86507,0,0.0,0.0,0,0,0.0713,4.85,0
1756830556,86567,0,0.0,0.0,0,0,0.0931,3.953,0
1756830556,86627,0,0.0,0.0,0,0,0.0866,2.711,0
1756830557,86676,0,0.0,0.0,0,0,0.0688,4.622,0
1756830557,86736,0,0.0,0.0,0,0,0.0548,9.444,0
1756830557,86796,0,0.0,0.0,0,0,0.1104,0.876,0
1756830557,86806,0,0.0,0.0,0,0,0.0326,6.993,0
1756830557,86866,0,0.0,0.0,0,0,0.0975,18.011,0
1756830558,86926,0,0.0,0.0,0,0,0.0911,8.153,0
1756830558,86986,0,0.0,0.0,0,0,0.0308,12.489,0
1756830558,87046,0,0.0,0.0,0,0,0.0553,5.798,0
1756830558,87106,0,0.0,0.0,0,0,0.0983,1.757,0
1756830559,87147,0,0.0,0.0,0,0,0.0368,7.601,0
1756830559,87207,0,0.0,0.0,0,0,0.0464,2.248,0
1756830559,87242,0,0.0,0.0,0,0,0.0992,0.591,0
1756830559,87250,0,0.0,0.0,0,0,0.1134,7.18,0
1756830560,87310,0,0.0,0.0,0,0,0.0527,12.292,0
1756830560,87370,0,0.0,0.0,0,0,0.0458,13.427,0
1756830560,87430,0,0.0,0.0,0,0,0.0663,10.371,0
1756830560,87490,0,0.0,0.0,0,0,0.0906,18.028,0
1756830561,87550,0,0.0,0.0,0,0,0.0646,9.587,0
1756830561,87610,0,0.0,0.0,0,0,0.1024,9.006,0
1756830561,87670,0,0.0,0.0,0,0,0.1079,7.855,0
1756830561,87730,0,0.0,0.0,0,0,0.11900000000000001,7.038,0
1756830562,87790,0,0.0,0.0,0,0,0.0323,18.182,0
1756830562,87850,0,0.0,0.0,0,0,0.08349999999999999,4.943,0
1756830562,87910,0,0.0,0.0,0,0,0.11689999999999999,5.433,0
1756830562,87970,0,0.0,0.0,0,0,0.247,8.637,0
1756830563,88030,0,0.0,0.0,0,0,0.06509999999999999,8.827,0
1756830563,88090,0,0.0,0.0,0,0,0.11019999999999999,5.988,0
1756830563,88150,0,0.0,0.0,0,0,0.0512,14.666,0
1756830564,88210,0,0.0,0.0,0,0,0.09820000000000001,5.93,0
1756830564,88270,0,0.0,0.0,0,0,0.0735,11.53,0
1756830564,88330,0,0.0,0.0,0,0,0.045599999999999995,9.044,0
1756830564,88390,0,0.0,0.0,0,0,0.0901,2.645,0
1756830565,88443,0,0.0,0.0,0,0,0.11810000000000001,11.429,0
1756830565,88503,0,0.0,0.0,0,0,0.0525,3.367,0
1756830565,88550,0,0.0,0.0,0,0,0.1761,7.272,0
1756830565,88610,0,0.0,0.0,0,0,0.0872,9.45,0
1756830565,88670,0,0.0,0.0,0,0,0.07,4.575,0
1756830566,88730,0,0.0,0.0,0,0,0.0315,1.816,0
1756830566,88769,0,0.0,0.0,0,0,0.07400000000000001,12.175,0
1756830566,88829,0,0.0,0.0,0,0,0.0519,8.322,0
1756830566,88889,0,0.0,0.0,0,0,0.0525,11.202,0
1756830567,88949,0,0.0,0.0,0,0,0.0662,3.945,0
1756830567,88995,0,0.0,0.0,0,0,0.0356,2.125,0
1756830567,89041,0,0.0,0.0,0,0,0.0857,2.085,0
1756830567,89090,0,0.0,0.0,0,0,0.1094,8.226,0
1756830568,89150,0,0.0,0.0,0,0,0.1125,8.307,0
1756830568,89210,0,0.0,0.0,0,0,0.0818,6.801,0
1756830568,89270,0,0.0,0.0,0,0,0.08039999999999999,7.658,0
1756830568,89330,0,0.0,0.0,0,0,0.0704,11.482,0
1756830569,89390,0,0.0,0.0,0,0,0.0395,3.057,0
1756830569,89450,0,0.0,0.0,0,0,0.1148,1.225,0
1756830569,89465,0,0.0,0.0,0,0,0.0711,3.144,0
1756830569,89506,0,0.0,0.0,0,0,0.1106,5.057,0
1756830570,89566,0,0.0,0.0,0,0,0.0345,2.78,0
1756830570,89611,0,0.0,0.0,0,0,0.0812,12.168,0
1756830570,89671,0,0.0,0.0,0,0,0.102,7.587,0
1756830570,89731,0,0.0,0.0,0,0,0.1158,2.589,0
1756830570,89769,0,0.0,0.0,0,0,0.08800000000000001,13.721,0
1756830571,89829,0,0.0,0.0,0,0,0.1106,9.967,0
1756830571,89889,0,0.0,0.0,0,0,0.11939999999999999,13.898,0
1756830571,89949,0,0.0,0.0,0,0,0.0849,1.352,0
1756830571,89976,0,0.0,0.0,0,0,0.04769999999999999,18.095,0
1756830572,90036,0,0.0,0.0,0,0,0.061,11.392,0
1756830572,90096,0,0.0,0.0,0,0,0.0316,4.4,0
1756830572,90156,0,0.0,0.0,0,0,0.0962,4.174,0
1756830573,90216,0,0.0,0.0,0,0,0.07980000000000001,7.885,0
1756830573,90276,0,0.0,0.0,0,0,0.0341,10.232,0
1756830573,90336,0,0.0,0.0,0,0,0.061,7.309,0
1756830573,90396,0,0.0,0.0,0,0,0.0635,12.332,0
1756830574,90456,0,0.0,0.0,0,0,0.1167,18.028,0
1756830574,90516,0,0.0,0.0,0,0,0.0482,8.139,0
1756830574,90576,0,0.0,0.0,0,0,0.1514,3.923,0
1756830574,90627,0,0.0,0.0,0,0,0.1162,9.914,0
1756830575,90687,0,0.0,0.0,0,0,0.079,18.6,0
1756830575,90747,0,0.0,0.0,0,0,0.0805,3.567,0
1756830575,90792,0,0.0,0.0,0,0,0.0962,4.679,0
1756830575,90852,0,0.0,0.0,0,0,0.1043,9.555,0
1756830576,90912,0,0.0,0.0,0,0,0.133,5.08,0
1756830576,90972,0,0.0,0.0,0,0,0.042300000000000004,10.548,0
1756830576,91032,0,0.0,0.0,0,0,0.09609999999999999,10.636,0
1756830576,91092,0,0.0,0.0,0,0,0.0492,7.438,0
1756830577,91152,0,0.0,0.0,0,0,0.2296,4.827,0
1756830577,91212,0,0.0,0.0,0,0,0.0662,11.631,0
1756830577,91272,0,0.0,0.0,0,0,0.057999999999999996,7.411,0
1756830577,91332,0,0.0,0.0,0,0,0.034300000000000004,6.652,0
1756830578,91392,0,0.0,0.0,0,0,0.044500000000000005,6.955,0
1756830578,91452,0,0.0,0.0,0,0,0.0786,5.846,0
1756830578,91512,0,0.0,0.0,0,0,0.1008,10.818,0
1756830578,91572,0,0.0,0.0,0,0,0.1137,15.69,0
1756830579,91632,0,0.0,0.0,0,0,0.1959,13.576,0
1756830579,91692,0,0.0,0.0,0,0,0.04769999999999999,8.622,0
1756830579,91752,0,0.0,0.0,0,0,0.0652,18.413,0
1756830580,91812,0,0.0,0.0,0,0,0.098,3.967,0
1756830580,91857,0,0.0,0.0,0,0,0.11230000000000001,7.84,0
1756830580,91917,0,0.0,0.0,0,0,0.247,5.249,0
1756830581,91977,0,0.0,0.0,0,0,0.1159,9.708,0
1756830581,92037,0,0.0,0.0,0,0,0.053,8.34,0
1756830581,92097,0,0.0,0.0,0,0,0.06570000000000001,8.639,0
1756830582,92157,0,0.0,0.0,0,0,0.1174,10.167,0
1756830582,92217,0,0.0,0.0,0,0,0.08710000000000001,3.441,0
1756830582,92272,0,0.0,0.0,0,0,0.061900000000000004,5.118,0
1756830583,92323,0,0.0,0.0,0,0,0.1368,12.894,0
1756830583,92383,0,0.0,0.0,0,0,0.1042,5.948,0
1756830583,92443,0,0.0,0.0,0,0,0.115,5.438,0
1756830583,92503,0,0.0,0.0,0,0,0.10060000000000001,8.777,0
1756830584,92563,0,0.0,0.0,0,0,0.1051,7.412,0
1756830584,92623,0,0.0,0.0,0,0,0.0645,5.224,0
1756830584,92683,0,0.0,0.0,0,0,0.0463,8.772,0
1756830585,92743,0,0.0,0.0,0,0,0.0635,15.658,0
1756830585,92803,0,0.0,0.0,0,0,0.12,6.126,0
1756830585,92863,0,0.0,0.0,0,0,0.1977,18.194,0
1756830586,92923,0,0.0,0.0,0,0,0.152,7.316,0
1756830586,92983,0,0.0,0.0,0,0,0.0868,4.998,0
1756830586,93043,0,0.0,0.0,0,0,0.0836,4.806,0
1756830586,93103,0,0.0,0.0,0,0,0.1182,2.985,0
1756830586,93131,0,0.0,0.0,0,0,0.030600000000000002,5.177,0
1756830587,93191,0,0.0,0.0,0,0,0.09880000000000001,18.004,0
1756830587,93251,0,0.0,0.0,0,0,0.0892,6.675,0
1756830587,93311,0,0.0,0.0,0,0,0.1081,13.828,0
1756830588,93371,0,0.0,0.0,0,0,0.056299999999999996,13.525,0
1756830588,93431,0,0.0,0.0,0,0,0.1161,6.089,0
1756830588,93491,0,0.0,0.0,0,0,0.24530000000000002,6.408,0
1756830588,93551,0,0.0,0.0,0,0,0.045700000000000005,11.25,0
1756830589,93611,0,0.0,0.0,0,0,0.1051,4.339,0
1756830589,93671,0,0.0,0.0,0,0,0.0496,10.449,0
1756830589,93731,0,0.0,0.0,0,0,0.0393,9.273,0
1756830589,93791,0,0.0,0.0,0,0,0.0747,6.494,0
1756830590,93851,0,0.0,0.0,0,0,0.0555,7.966,0
1756830590,93911,0,0.0,0.0,0,0,0.0882,14.52,0
1756830590,93971,0,0.0,0.0,0,0,0.1002,5.887,0
1756830591,94031,0,0.0,0.0,0,0,0.0344,10.283,0
1756830591,94091,0,0.0,0.0,0,0,0.1072,6.765,0
1756830591,94151,0,0.0,0.0,0,0,0.058499999999999996,7.409,0
1756830592,94211,0,0.0,0.0,0,0,0.168,18.241,0
1756830592,94271,0,0.0,0.0,0,0,0.05,5.721,0
1756830592,94331,0,0.0,0.0,0,0,0.0339,5.169,0
1756830592,94391,0,0.0,0.0,0,0,0.1118,2.519,0
1756830593,94439,0,0.0,0.0,0,0,0.053099999999999994,7.631,0
1756830593,94499,0,0.0,0.0,0,0,0.042,4.92,0
1756830593,94559,0,0.0,0.0,0,0,0.0436,10.409,0
1756830593,94619,0,0.0,0.0,0,0,0.2205,6.758,0
1756830594,94679,0,0.0,0.0,0,0,0.1183,6.48,0
1756830594,94739,0,0.0,0.0,0,0,0.0757,18.755,0
1756830594,94799,0,0.0,0.0,0,0,0.07730000000000001,13.013,0
1756830594,94859,0,0.0,0.0,0,0,0.1559,6.259,0
1756830595,94919,0,0.0,0.0,0,0,0.1616,9.825,0
1756830595,94979,0,0.0,0.0,0,0,0.042699999999999995,6.58,0
1756830595,95039,0,0.0,0.0,0,0,0.0426,9.635,0
1756830595,95099,0,0.0,0.0,0,0,0.09,18.064,0
1756830595,95159,0,0.0,0.0,0,0,0.0932,4.853,0
1756830596,95219,0,0.0,0.0,0,0,0.08689999999999999,12.279,0
1756830596,95279,0,0.0,0.0,0,0,0.18789999999999998,1.282,0
1756830596,95301,0,0.0,0.0,0,0,0.0415,8.886,0
1756830596,95361,0,0.0,0.0,0,0,0.12119999999999999,3.527,0
1756830596,95404,0,0.0,0.0,0,0,0.1675,6.019,0
1756830597,95464,0,0.0,0.0,0,0,0.0546,9.511,0
1756830597,95524,0,0.0,0.0,0,0,0.031200000000000002,12.973,0
1756830597,95584,0,0.0,0.0,0,0,0.10949999999999999,8.553,0
1756830597,95644,0,0.0,0.0,0,0,0.09300000000000001,18.456,0
1756830598,95704,0,0.0,0.0,0,0,0.17489999999999997,1.323,0
1756830598,95733,0,0.0,0.0,0,0,0.1173,5.708,0
1756830598,95793,0,0.0,0.0,0,0,0.052199999999999996,1.621,0
1756830598,95819,0,0.0,0.0,0,0,0.0904,18.417,0
1756830598,95879,0,0.0,0.0,0,0,0.0699,10.632,0
1756830599,95939,0,0.0,0.0,0,0,0.0599,12.966,0
1756830599,95999,0,0.0,0.0,0,0,0.0699,5.753,0
1756830599,96059,0,0.0,0.0,0,0,0.047,3.993,0
1756830599,96119,0,0.0,0.0,0,0,0.0574,11.49,0
1756830600,96179,0,0.0,0.0,0,0,0.0621,10.63,0
1756830600,96239,0,0.0,0.0,0,0,0.0346,11.772,0
1756830600,96299,0,0.0,0.0,0,0,0.1863,6.086,0
1756830600,96359,0,0.0,0.0,0,0,0.0371,4.258,0
1756830601,96419,0,0.0,0.0,0,0,0.06280000000000001,3.586,0
1756830601,96453,0,0.0,0.0,0,0,0.0348,5.649,0
1756830601,96513,0,0.0,0.0,0,0,0.0317,18.12,0
1756830601,96573,0,0.0,0.0,0,0,0.064,9.091,0
1756830601,96633,0,0.0,0.0,0,0,0.0375,4.771,0
1756830602,96693,0,0.0,0.0,0,0,0.0318,5.785,0
1756830602,96753,0,0.0,0.0,0,0,0.0703,9.895,0
1756830602,96813,0,0.0,0.0,0,0,0.063,13.128,0
1756830602,96873,0,0.0,0.0,0,0,0.0731,4.384,0
1756830603,96927,0,0.0,0.0,0,0,0.059000000000000004,9.556,0
1756830603,96987,0,0.0,0.0,0,0,0.0401,12.754,0
1756830603,97047,0,0.0,0.0,0,0,0.048600000000000004,5.09,0
1756830603,97107,0,0.0,0.0,0,0,0.0843,7.581,0
1756830604,97167,0,0.0,0.0,0,0,0.0916,10.786,0
1756830604,97227,0,0.0,0.0,0,0,0.0453,3.693,0
1756830604,97287,0,0.0,0.0,0,0,0.0917,3.837,0
1756830604,97336,0,0.0,0.0,0,0,0.0513,8.916,0
1756830604,97396,0,0.0,0.0,0,0,0.04019999999999999,6.568,0
1756830605,97456,0,0.0,0.0,0,0,0.1642,4.006,0
1756830605,97516,0,0.0,0.0,0,0,0.0451,8.36,0
1756830605,97576,0,0.0,0.0,0,0,0.0788,3.56,0
1756830605,97636,0,0.0,0.0,0,0,0.0852,11.868,0
1756830606,97696,0,0.0,0.0,0,0,0.1226,2.478,0
1756830606,97740,0,0.0,0.0,0,0,0.11019999999999999,5.146,0
1756830606,97800,0,0.0,0.0,0,0,0.09970000000000001,1.983,0
1756830606,97831,0,0.0,0.0,0,0,0.1159,5.515,0
1756830606,97891,0,0.0,0.0,0,0,0.1777,2.9,0
1756830607,97946,0,0.0,0.0,0,0,0.1182,4.08,0
1756830607,98006,0,0.0,0.0,0,0,0.09880000000000001,5.833,0
1756830607,98066,0,0.0,0.0,0,0,0.0894,18.203,0
1756830607,98126,0,0.0,0.0,0,0,0.0672,6.096,0
1756830608,98186,0,0.0,0.0,0,0,0.053099999999999994,9.331,0
1756830608,98246,0,0.0,0.0,0,0,0.1517,12.114,0
1756830608,98306,0,0.0,0.0,0,0,0.08800000000000001,13.215,0
1756830609,98366,0,0.0,0.0,0,0,0.1128,18.311,0
1756830609,98426,0,0.0,0.0,0,0,0.053399999999999996,7.485,0
1756830609,98486,0,0.0,0.0,0,0,0.0852,2.446,0
1756830609,98513,0,0.0,0.0,0,0,0.0928,10.72,0
1756830610,98573,0,0.0,0.0,0,0,0.1165,6.494,0
1756830610,98633,0,0.0,0.0,0,0,0.2102,7.177,0
1756830610,98693,0,0.0,0.0,0,0,0.0892,4.399,0
1756830610,98744,0,0.0,0.0,0,0,0.0429,10.017,0
1756830611,98804,0,0.0,0.0,0,0,0.0764,12.979,0
1756830611,98864,0,0.0,0.0,0,0,0.2112,9.372,0
1756830611,98924,0,0.0,0.0,0,0,0.1898,3.677,0
1756830611,98984,0,0.0,0.0,0,0,0.0999,8.473,0
1756830612,99044,0,0.0,0.0,0,0,0.1009,14.095,0
1756830612,99104,0,0.0,0.0,0,0,0.0513,18.027,0
1756830612,99164,0,0.0,0.0,0,0,0.0621,5.761,0
1756830612,99224,0,0.0,0.0,0,0,0.0475,8.643,0
1756830613,99284,0,0.0,0.0,0,0,0.1144,11.913,0
1756830613,99344,0,0.0,0.0,0,0,0.0983,4.539,0
1756830613,99404,0,0.0,0.0,0,0,0.055,5.118,0
1756830613,99463,0,0.0,0.0,0,0,0.061,4.149,0
1756830613,99523,0,0.0,0.0,0,0,0.1195,4.062,0
1756830614,99573,0,0.0,0.0,0,0,0.0658,3.216,0
1756830614,99627,0,0.0,0.0,0,0,0.0565,1.287,0
1756830614,99668,0,0.0,0.0,0,0,0.0559,3.462,0
1756830614,99728,0,0.0,0.0,0,0,0.085,6.132,0
1756830615,99788,0,0.0,0.0,0,0,0.0983,8.934,0
1756830615,99848,0,0.0,0.0,0,0,0.0323,3.357,0
1756830615,99899,0,0.0,0.0,0,0,0.0799,8.42,0
1756830615,99959,0,0.0,0.0,0,0,0.069,6.546,0
1756830616,100019,0,0.0,0.0,0,0,0.0925,4.227,0
1756830616,100079,0,0.0,0.0,0,0,0.1013,5.481,0
1756830616,100139,0,0.0,0.0,0,0,0.0747,10.059,0
1756830616,100199,0,0.0,0.0,0,0,0.08130000000000001,2.874,0
1756830616,100258,0,0.0,0.0,0,0,0.165,9.683,0
1756830616,100318,0,0.0,0.0,0,0,0.07429999999999999,4.175,0
1756830617,100378,0,0.0,0.0,0,0,0.1148,3.341,0
1756830617,100430,0,0.0,0.0,0,0,0.1099,7.337,0
1756830617,100490,0,0.0,0.0,0,0,0.11960000000000001,7.54,0
1756830618,100550,0,0.0,0.0,0,0,0.0632,3.301,0
1756830618,100608,0,0.0,0.0,0,0,0.0928,3.729,0
1756830618,100668,0,0.0,0.0,0,0,0.1199,0.423,0
1756830618,100711,0,0.0,0.0,0,0,0.11470000000000001,10.736,0
1756830619,100771,0,0.0,0.0,0,0,0.061200000000000004,11.768,0
1756830619,100831,0,0.0,0.0,0,0,0.045,8.18,0
1756830619,100891,0,0.0,0.0,0,0,0.0555,5.25,0
1756830619,100951,0,0.0,0.0,0,0,0.10550000000000001,12.962,0
1756830619,101011,0,0.0,0.0,0,0,0.1838,4.603,0
1756830620,101071,0,0.0,0.0,0,0,0.07400000000000001,8.059,0
1756830620,101131,0,0.0,0.0,0,0,0.0409,9.658,0
1756830620,101191,0,0.0,0.0,0,0,0.0738,2.244,0
1756830620,101251,0,0.0,0.0,0,0,0.037599999999999995,18.018,0
1756830621,101311,0,0.0,0.0,0,0,0.09910000000000001,9.796,0
1756830621,101371,0,0.0,0.0,0,0,0.0973,5.448,0
1756830621,101431,0,0.0,0.0,0,0,0.1063,2.34,0
1756830621,101473,0,0.0,0.0,0,0,0.1032,3.145,0
1756830621,101529,0,0.0,0.0,0,0,0.0839,5.465,0
1756830621,101589,0,0.0,0.0,0,0,0.032799999999999996,7.144,0
1756830622,101649,0,0.0,0.0,0,0,0.058600000000000006,10.205,0
1756830622,101709,0,0.0,0.0,0,0,0.1175,2.733,0
1756830622,101747,0,0.0,0.0,0,0,0.1537,2.777,0
1756830622,101798,0,0.0,0.0,0,0,0.08349999999999999,14.311,0
1756830623,101858,0,0.0,0.0,0,0,0.0924,18.416,0
1756830623,101918,0,0.0,0.0,0,0,0.0433,11.338,0
1756830623,101978,0,0.0,0.0,0,0,0.0555,10.636,0
1756830623,102038,0,0.0,0.0,0,0,0.1042,15.654,0
1756830623,102098,0,0.0,0.0,0,0,0.066,5.358,0
1756830624,102158,0,0.0,0.0,0,0,0.1131,3.721,0
1756830624,102209,0,0.0,0.0,0,0,0.111,6.142,0
1756830624,102269,0,0.0,0.0,0,0,0.1009,4.861,0
1756830624,102329,0,0.0,0.0,0,0,0.043899999999999995,5.2,0
1756830624,102384,0,0.0,0.0,0,0,0.0819,13.82,0
