#{"t_start": 1756830152.9279933, "env_id": "None"}
r,l,t
55.708679,60,9.071762
50.960919,60,9.360568
54.761273,60,9.630031
76.563494,60,9.855424
63.910649,60,10.098963
76.543478,60,10.337445
46.335694,60,10.565937
62.40818,60,10.764125
108.926331,54,10.940512
44.477992,60,11.153325
61.533049,60,11.422688
50.842922,60,11.694401
84.038812,60,11.950572
37.223241,60,12.209091
57.579311,60,12.448552
86.831191,33,12.627884
46.109243,60,12.853403
71.09149,60,13.087955
86.152645,60,13.334919
66.593442,60,13.586103
27.281318,60,13.87349
62.6495,60,14.142202
48.049271,60,14.419082
76.521739,60,14.652724
84.817391,37,14.835702
100.097561,33,15.027344
-6.816177,60,15.333151
91.035834,60,15.626359
35.68252,60,15.892732
55.733717,60,16.171538
82.211492,60,16.435992
45.225363,60,16.665929
92.545455,60,16.917131
68.647343,60,17.160162
123.043478,59,17.420032
77.175743,32,17.58806
105.604198,50,18.003984
50.647418,60,18.244325
85.210781,60,18.4605
62.17938,60,18.677387
77.932367,60,18.872942
93.20923,58,19.081726
66.496424,18,19.223914
99.106168,60,19.498319
86.459009,60,19.776232
37.799732,60,20.045933
13.005271,60,20.323323
105.789411,60,20.575559
48.183774,60,20.858616
78.3447,60,21.134317
89.093168,60,21.414655
72.572672,35,21.65254
58.859546,60,21.942417
92.663751,60,22.219176
53.396025,60,22.468346
61.889099,60,22.737228
28.946021,60,22.981787
98.981734,60,23.242228
106.263676,51,23.486363
83.574879,60,23.715828
67.77385,60,23.955523
91.540063,41,24.159491
69.914338,60,24.427553
78.560386,60,24.708648
89.955785,60,24.958562
110.565144,52,25.213914
96.62338,60,25.496968
50.286763,60,25.733792
27.586114,60,25.961971
29.541454,60,26.193447
97.680651,60,26.45089
76.310874,60,26.709945
104.697292,56,27.109387
36.77964,60,27.367264
126.235419,41,27.596598
96.895141,60,27.858622
58.812226,60,28.109289
69.323181,18,28.235628
35.99277,60,28.461
87.484705,60,28.717943
95.344273,45,28.897093
65.083685,34,29.099107
69.701115,60,29.41408
29.696284,60,29.724582
53.954301,60,29.999955
64.288324,36,30.214211
91.428536,35,30.454019
95.663989,42,30.706884
45.225363,60,31.004294
94.545836,60,31.269857
98.26274,60,31.57323
49.478994,60,31.861373
66.367368,12,32.00616
81.136797,60,32.268084
57.610037,60,32.516115
78.271779,60,32.764786
109.595331,55,33.053077
77.619106,60,33.338661
18.790446,60,33.656422
101.087728,60,33.958496
69.474308,60,34.248702
99.298437,51,34.495379
65.329545,60,34.76196
68.262301,60,35.044916
95.109957,37,35.255008
43.428678,60,35.517114
59.579215,60,35.782331
54.256544,60,36.108169
113.723694,60,36.448871
68.262301,60,36.785212
106.968143,51,37.201679
81.448161,60,37.458414
120.628331,60,37.735593
56.3185,60,38.024397
91.902543,56,38.283191
64.987448,60,38.554998
79.672339,60,38.819599
91.47271,60,39.068994
39.814647,60,39.334339
115.063939,60,39.61088
86.395722,60,39.873877
33.994241,60,40.133088
70.714017,60,40.39182
99.217391,60,40.654929
90.062315,45,40.875704
79.089109,60,41.145525
26.127133,60,41.403405
76.374743,60,41.674781
78.560386,60,41.960961
15.819205,60,42.224657
114.901186,39,42.474338
77.320388,60,42.784189
105.975012,60,43.101224
103.884058,60,43.398538
67.864252,60,43.691405
38.445732,60,43.982125
96.567799,58,44.270062
89.61781,60,44.562628
52.917031,60,44.853305
60.073776,60,45.155329
123.608404,60,45.469417
124.965408,60,45.76969
84.247094,60,46.067543
74.403695,60,46.368744
110.966073,42,46.599485
46.546876,60,47.000347
55.144659,60,47.254476
89.300725,60,47.498502
45.955484,60,47.708094
49.132867,60,47.925387
69.700152,18,48.062536
108.168643,60,48.270054
60.758694,60,48.484631
105.197452,60,48.759812
85.272914,52,49.016307
88.842246,29,49.203231
58.858113,7,49.327282
88.719868,56,49.587998
85.966423,60,49.879755
53.307424,60,50.171862
62.970419,60,50.444874
88.644771,60,50.726679
111.085896,60,51.023126
70.309433,60,51.317848
68.8649,60,51.614206
59.012263,60,51.909314
74.782609,60,52.19634
61.579051,10,52.354195
130.044796,49,52.623143
49.066388,60,52.883087
32.694312,60,53.19657
3.216136,60,53.45791
49.413857,60,53.722879
89.835192,60,54.000014
61.217606,60,54.22772
41.374743,60,54.49071
77.678594,60,54.784964
58.453051,60,55.063105
33.562248,60,55.324285
67.391304,15,55.47271
39.823118,60,55.721648
99.750351,60,55.990698
97.453759,60,56.261721
73.619071,60,56.880149
82.059542,60,57.201808
104.455696,60,57.514975
93.660657,60,57.73949
49.578219,60,57.989972
79.51825,60,58.267142
65.052599,60,58.520954
15.481233,60,58.770132
98.682641,55,58.990533
33.196183,60,59.250248
55.733717,60,59.511925
51.208185,60,59.773636
45.857248,60,60.023188
81.579373,60,60.294269
63.73842,60,60.567383
60.890881,60,60.833209
57.36395,60,61.13199
90.248952,60,61.433955
55.187237,60,61.714214
75.166836,60,61.987289
37.41302,60,62.243268
106.610122,60,62.514293
18.525408,60,62.778651
58.812226,60,63.058318
84.612162,39,63.312976
67.178026,31,63.544717
100.517931,28,63.729904
57.208076,60,64.016887
47.655366,60,64.325626
51.36916,6,64.473234
25.840636,60,64.765845
47.214902,60,65.071573
70.003221,60,65.37991
87.60932,60,65.711201
53.565217,60,66.011556
26.607616,60,66.358649
60.393195,14,66.55778
53.405961,60,66.901667
60.760704,60,67.409148
41.374743,60,67.694279
66.758172,60,68.006281
79.483921,20,68.193698
129.785953,57,68.500622
54.446431,60,68.817981
71.304348,60,69.098312
64.666667,60,69.39344
67.576592,60,69.684576
56.921189,43,69.913293
96.785371,48,70.161092
28.925326,60,70.453069
64.505229,60,70.750939
50.842922,60,71.025535
112.187237,58,71.297953
85.148457,60,71.56529
77.046555,60,71.844835
56.331994,60,72.118857
-14.881175,60,72.38449
27.187992,60,72.660789
86.207847,60,72.952568
98.069291,56,73.233532
78.713131,60,73.510139
14.740358,60,73.795675
68.732828,60,74.077901
82.363022,60,74.332597
60.049799,60,74.577776
98.500215,60,74.857505
21.975808,60,75.132911
23.269263,60,75.406153
94.63216,60,75.715536
26.429617,60,76.027891
101.568959,60,76.34216
62.124765,60,76.642844
44.668621,60,76.945507
78.365942,60,77.408933
104.376442,60,77.732454
80.516749,60,78.029183
132.788097,53,78.287701
93.913043,60,78.590666
53.217313,60,78.903921
84.878869,42,79.147836
73.51376,60,79.455408
18.753983,60,79.761448
103.884058,60,80.051722
35.707903,60,80.354667
46.714017,60,80.63091
78.072902,60,80.905806
98.688365,60,81.189259
126.42168,60,81.464393
126.032098,60,81.746693
72.581242,60,82.017998
90.471371,60,82.287471
81.106648,60,82.577715
48.083755,60,82.877532
136.31547,60,83.163105
73.619071,60,83.431921
52.13434,4,83.588296
64.97575,60,83.909303
36.606551,60,84.216671
107.815616,50,84.48405
81.836842,60,84.757523
132.754449,58,85.029584
52.284936,60,85.327361
104.582661,60,85.636244
89.40508,60,85.953394
98.867215,60,86.261877
99.53695,51,86.538604
109.609279,46,86.782189
105.28968,60,87.079661
21.110308,60,87.394781
53.964221,60,87.878419
23.022347,60,88.176382
51.658608,60,88.459191
57.841929,60,88.751885
52.236117,60,89.052392
65.207733,60,89.327896
63.220006,60,89.611144
100.028986,60,89.897881
80.651804,38,90.11685
99.316072,60,90.409203
65.924437,60,90.704314
72.525127,60,91.008793
55.069375,60,91.30825
66.494237,60,91.619139
62.052363,60,91.945908
89.557637,60,92.264022
45.225363,60,92.550689
84.087365,60,92.855786
29.490651,60,93.16799
97.951855,60,93.468562
69.995983,60,93.757767
95.463203,52,94.060002
105.299717,60,94.375014
31.39745,60,94.683452
62.387104,60,95.016601
53.869361,60,95.337549
63.732296,60,95.647715
103.948907,60,95.978363
30.73726,60,96.30018
58.379322,60,96.625269
78.044299,60,96.974285
60.249709,60,97.314889
104.323258,60,97.635729
58.124765,60,97.920874
79.625241,29,98.141021
126.543478,60,98.607512
73.569865,60,98.899175
82.01087,60,99.156078
43.398729,60,99.447176
112.621578,60,99.756091
34.202922,60,100.077946
68.561438,60,100.38105
116.822134,60,100.683419
78.35629,60,100.986859
94.976744,60,101.296887
62.949778,60,101.599241
84.885953,54,101.887639
105.68438,48,102.131286
45.437215,60,102.421125
91.678214,49,102.685414
64.249709,60,102.991361
48.147906,60,103.292173
26.424242,60,103.571707
95.094051,60,103.874652
54.249902,60,104.179752
93.668243,50,104.446129
41.681876,60,104.710061
65.362013,16,104.872076
25.218992,60,105.114449
3.529881,60,105.371078
12.274791,60,105.632842
90.607411,60,105.908091
89.964018,21,106.081065
88.695652,60,106.345401
103.788513,60,106.602446
95.952837,60,106.850511
83.954112,38,107.054631
59.388335,60,107.342191
72.525127,60,107.659974
65.761445,28,107.883308
76.662382,60,108.178217
52.831005,60,108.475986
14.061638,60,108.963051
66.101906,60,109.255787
53.374743,60,109.479433
79.446448,60,109.749509
62.625259,60,110.046201
77.36978,60,110.295305
99.604982,60,110.526999
96.846632,60,110.76818
93.025033,60,111.004046
67.561589,60,111.275827
76.450826,60,111.528656
59.146888,60,111.77007
78.710268,60,112.006316
48.834202,60,112.236149
66.18857,60,112.453389
95.952837,60,112.642053
96.018473,60,112.875545
14.143015,60,113.108624
16.578637,60,113.341684
68.977082,60,113.56614
32.970073,60,113.782149
34.559928,60,114.03017
81.903382,60,114.250372
91.123188,60,114.517835
61.448616,12,114.642357
111.735987,60,114.900492
70.494016,60,115.139334
24.294209,60,115.388458
51.562248,60,115.619359
32.632661,60,115.855838
73.886954,29,116.034048
106.00527,60,116.286445
90.607411,60,116.535729
85.704429,60,116.762709
28.688053,60,117.001244
122.948107,60,117.254524
110.926331,50,117.623784
64.490278,60,117.895241
62.732064,26,118.060484
87.868228,57,118.285435
61.030596,60,118.503456
86.52057,60,118.715293
32.664943,60,118.947336
66.5176,60,119.190928
80.755829,35,119.352377
70.628349,28,119.524864
65.617391,60,119.784868
49.64543,60,120.001508
104.010402,60,120.230798
22.037962,60,120.456576
51.571853,60,120.687661
96.555332,42,120.869839
45.766633,60,121.11124
99.478261,60,121.339667
98.977059,42,121.520662
92.663751,60,121.749792
96.037976,60,121.972306
49.500009,60,122.258076
56.276894,60,122.546261
64.263791,60,122.77828
35.707903,60,123.006148
-3.340574,60,123.21586
74.688894,60,123.422781
61.843154,60,123.649478
111.735987,60,123.870724
84.073578,60,124.090398
56.223776,60,124.29372
97.52381,60,124.480639
67.576592,60,124.712789
101.35191,60,124.919248
51.875988,60,125.131824
20.267779,60,125.376761
79.672339,60,125.738449
107.242236,37,125.957007
90.583465,60,126.260308
42.926368,60,126.586478
61.866956,60,126.901116
64.119134,19,127.060744
54.203615,60,127.314952
73.409443,23,127.489428
47.120415,60,127.719955
82.527766,60,127.919109
47.93726,60,128.132032
79.672339,60,128.362696
64.97575,60,128.607351
107.365015,60,128.842736
21.53879,60,129.096776
92.238197,52,129.322358
100.980642,60,129.546453
93.3395,60,129.783398
88.395567,60,129.999813
79.999691,60,130.195022
66.628861,60,130.3989
98.93987,60,130.622088
26.429617,60,130.831684
139.150245,60,131.049365
57.403137,60,131.320417
106.795589,59,131.526521
116.138382,42,131.753079
99.950872,60,131.980971
41.374743,60,132.196751
39.747141,60,132.427866
56.571376,60,132.649298
53.989849,60,132.871597
65.205941,31,133.03567
64.251663,60,133.248744
44.960404,60,133.468915
106.02626,50,133.661275
24.126368,60,133.888451
86.695652,60,134.279188
78.738672,22,134.426121
75.185185,60,134.64109
2.908845,60,134.859259
63.673528,60,135.070019
55.187237,60,135.269126
64.251663,60,135.460834
58.679562,60,135.65547
47.302301,60,135.863703
63.983772,60,136.076621
135.95076,49,136.307339
92.945652,60,136.544304
47.87756,60,136.761652
75.434754,60,136.951169
23.618895,60,137.156811
83.235441,45,137.335877
62.026552,60,137.553674
50.065294,60,137.761019
71.912625,60,137.975158
82.492848,37,138.1585
59.460651,60,138.3912
42.926368,60,138.607227
106.726472,60,138.846797
78.973238,46,139.043561
65.05464,60,139.260609
92.706576,60,139.509971
87.21003,60,139.762465
68.151602,60,140.013885
41.222727,60,140.258833
87.365349,55,140.514668
84.542896,56,140.719413
30.185382,60,140.997157
72.765217,21,141.196619
48.029009,60,141.515496
88.395567,60,141.826584
64.696284,60,142.121487
74.792453,60,142.430094
39.310983,60,142.929853
64.140643,60,143.2369
29.522891,60,143.515289
57.568902,60,143.752483
60.760704,60,144.003431
98.581028,60,144.312554
61.030596,60,144.574801
64.696284,60,144.837772
40.015137,60,145.097573
88.834783,37,145.311299
104.551432,60,145.588291
127.624246,60,145.855305
46.333065,60,146.123239
117.538932,60,146.413278
24.403071,60,146.68483
19.589104,60,146.951959
106.729586,60,147.217459
88.695652,60,147.494359
51.703799,60,147.752381
71.009427,60,147.988381
45.761827,60,148.230258
78.072902,60,148.49332
130.283085,60,148.729102
53.798075,60,148.977862
93.229548,60,149.223754
45.05932,60,149.506129
32.488515,60,149.759802
43.481886,60,150.026446
88.275731,60,150.322025
126.235419,42,150.557888
84.247094,60,150.772324
73.775133,28,150.925965
91.795396,60,151.141945
50.684492,60,151.344533
91.123188,60,151.54045
59.59272,60,151.958252
65.887878,60,152.211653
84.517497,60,152.456927
90.749755,60,152.726496
138.782609,52,153.019429
102.6359,60,153.33289
43.093721,60,153.647503
31.382508,60,153.929207
89.656978,60,154.21254
25.277992,60,154.490185
91.850291,60,154.779591
83.150792,51,155.025069
103.948907,60,155.320436
59.9227,60,155.619873
35.168243,60,155.902425
59.940793,60,156.231881
100.028986,60,156.563842
63.999953,60,156.889874
98.374787,49,157.19473
41.199932,60,157.496704
58.812226,60,157.805689
60.62472,60,158.066457
111.6177,60,158.356189
74.570288,32,158.548975
111.073776,58,158.814961
80.568562,60,159.066061
44.00038,60,159.339376
103.300985,60,159.612308
40.119078,60,159.877419
89.55148,58,160.148916
28.398433,60,160.424114
132.208169,50,160.665927
71.641151,60,160.936875
30.809499,60,161.185449
84.778564,60,161.4703
91.262045,60,161.738081
81.185203,21,162.065747
56.977082,60,162.309257
46.236117,60,162.590028
15.79253,60,162.844675
54.364624,12,162.984951
49.001553,60,163.239689
114.546839,58,163.470372
76.521739,60,163.698013
64.374246,60,163.928831
62.895559,60,164.165808
85.966423,60,164.39687
15.845131,60,164.615533
77.23662,60,164.823176
55.117379,60,165.014687
74.717391,60,165.267848
35.94752,60,165.507363
32.931866,60,165.776567
91.478893,60,166.033035
78.36806,60,166.28898
18.591065,60,166.552696
64.278261,60,166.818918
101.088649,60,167.075055
64.249709,60,167.295337
65.917764,60,167.509728
64.958366,18,167.644949
86.924731,60,167.897957
62.93913,60,168.104012
114.211105,37,168.286787
62.522055,60,168.520441
55.659599,60,168.783267
83.19136,39,168.992981
34.576647,60,169.287532
91.370787,60,169.582509
77.539972,60,169.846507
86.956522,60,170.115
70.309433,60,170.355817
79.08964,26,170.534574
9.672335,60,170.963966
48.397267,60,171.22633
62.763707,60,171.467965
56.080676,60,171.707511
140.918439,60,171.963065
87.685751,60,172.179356
64.140643,60,172.380595
39.212226,60,172.641543
44.337074,60,172.916869
43.988246,60,173.188584
88.695652,60,173.422116
77.189275,60,173.670649
73.652174,60,173.933213
43.398729,60,174.191497
92.330656,60,174.453503
48.436406,60,174.690584
38.765386,60,174.938674
51.444474,60,175.171541
61.569865,60,175.414413
97.192547,60,175.661393
86.310315,60,175.863261
60.452857,60,176.082795
96.028986,37,176.270157
34.698794,60,176.509058
84.870699,60,176.744853
85.032727,45,176.940235
48.926368,60,177.156597
120.997641,30,177.317874
71.775472,60,177.520343
71.121958,60,177.73726
25.402254,60,177.953258
45.20979,60,178.164225
66.073084,60,178.38059
39.839039,60,178.579319
10.015685,60,178.82565
93.933504,28,178.96493
28.732867,60,179.328913
44.883145,60,179.555905
100.249988,60,179.765654
92.593735,60,179.963082
46.684492,60,180.189999
51.518033,60,180.405204
21.655316,60,180.668159
61.812883,54,180.871953
102.604743,60,181.119043
109.342324,60,181.369093
110.768535,60,181.630168
104.885627,32,181.810024
57.597494,60,182.051042
19.862028,60,182.242718
62.58753,60,182.459814
78.033514,30,182.613694
70.250482,60,182.858498
63.188179,60,183.103087
27.490338,60,183.367053
74.609199,60,183.673727
111.969541,41,183.901665
48.625404,60,184.109815
66.21517,60,184.317743
44.477992,60,184.52851
84.827459,60,184.753364
50.393185,60,184.949155
102.950536,51,185.154464
108.802095,60,185.350542
21.214018,60,185.558333
95.167702,60,185.757669
64.671871,60,186.03579
67.842926,60,186.325663
75.432109,60,186.635971
60.999732,60,187.679767
26.429617,60,187.941814
33.0656,60,188.203948
54.417273,5,188.312067
21.216254,60,188.703432
44.581341,60,188.965919
71.835047,38,189.159575
55.334831,60,189.415249
91.067319,60,189.65263
54.159284,60,189.918723
46.274698,60,190.185898
64.005949,60,190.417586
56.102244,60,190.652863
91.262045,60,190.877496
79.73546,60,191.121831
57.471352,60,191.325341
43.967714,60,191.581137
62.93913,60,191.799562
52.236117,60,192.039952
36.558594,60,192.286799
55.740562,60,192.511939
59.341539,10,192.629393
114.323783,60,192.861548
92.767063,60,193.114936
103.915586,60,193.336158
4.919475,60,193.571566
66.805391,60,193.841804
51.187512,60,194.110121
66.956522,60,194.377104
63.249597,8,194.499246
69.701115,60,194.73689
64.791387,60,195.003852
67.007699,60,195.268347
83.395898,35,195.467552
57.180583,11,195.605875
68.671591,60,195.854426
28.406659,60,196.102132
44.384265,60,196.3407
72.004086,60,196.577174
82.60265,60,196.824083
29.589256,60,197.060247
62.949778,60,197.450166
60.830711,60,197.70095
65.336762,60,197.95772
57.403137,60,198.211403
59.595331,60,198.427882
22.059161,60,198.674625
66.996511,60,198.909452
68.295652,60,199.138521
22.023727,60,199.3668
50.684492,60,199.587854
63.720852,60,199.854201
58.596564,60,200.107197
60.934229,60,200.338752
27.795618,60,200.585975
85.6926,39,200.745819
98.413515,60,200.978611
75.070288,31,201.139479
103.884058,60,201.391613
42.926368,60,201.634065
121.927374,57,201.845114
51.658608,60,202.071684
67.132867,60,202.298044
42.926368,60,202.519611
74.991304,60,202.795953
116.124765,52,203.016401
109.988631,45,203.246721
74.768315,60,203.509995
70.970841,60,203.73901
61.419169,60,203.990364
65.329545,60,204.242881
54.969169,11,204.369455
57.403137,60,204.601668
75.85849,60,204.855292
111.956522,60,205.102883
30.430054,60,205.307021
89.835192,60,205.530282
34.282174,60,205.890218
48.447141,60,206.101999
61.376528,60,206.330677
50.232199,60,206.528078
106.628458,60,206.743773
76.207222,60,206.943617
63.970121,60,207.161018
58.04487,60,207.408488
66.490607,60,207.674333
31.083484,60,207.952683
65.924437,60,208.242419
88.417342,41,208.453075
75.805265,60,208.708988
94.768116,60,208.972236
88.739102,60,209.239662
35.414297,60,209.504309
99.316072,60,209.746379
74.198496,60,209.955737
91.739222,60,210.201319
21.760435,60,210.422614
66.494237,60,210.638598
40.188503,60,210.874472
128.413574,46,211.075516
46.274698,60,211.319289
96.965922,60,211.545889
85.217391,60,211.792101
63.481983,60,212.032205
72.984271,60,212.267282
87.217391,60,212.525247
29.835323,60,212.782286
65.418529,60,213.005758
122.082816,41,213.196156
98.509309,60,213.448111
55.117379,60,213.724095
25.33718,60,214.000346
88.248319,60,214.429821
56.320226,60,214.681945
97.935375,50,214.868024
49.001553,60,215.091374
96.373072,60,215.319688
115.16165,60,215.555779
57.471352,60,215.777016
66.494237,60,216.062464
27.011874,60,216.368816
78.287796,34,216.607961
65.321099,60,216.917531
56.049236,60,217.171845
42.016151,60,217.395123
73.915808,29,217.571939
129.59149,43,217.795674
53.405961,60,218.000313
93.908393,60,218.261113
85.234897,49,218.482691
81.80943,60,218.710182
92.543478,26,218.87988
89.60592,60,219.157129
46.335694,60,219.436727
86.363141,60,219.718136
101.763975,60,219.994238
66.969957,60,220.252909
60.437215,60,220.522898
89.300725,60,220.778377
51.207105,60,221.044833
134.803313,52,221.274435
77.839981,60,221.574006
88.039518,45,221.830104
84.059233,60,222.136518
43.639373,60,222.414383
143.163337,59,222.698241
56.276293,7,222.851936
7.643433,60,223.146421
61.983106,60,223.432426
72.065876,60,223.704009
92.21968,60,224.186718
89.858792,60,224.456196
71.121958,60,224.743404
27.581242,60,225.025398
76.662382,60,225.311504
52.236117,60,225.62485
106.610122,60,225.939125
120.271134,60,226.266085
68.921236,24,226.462457
95.908467,60,226.773237
80.0,60,227.037015
42.016588,60,227.32567
90.434783,60,227.601637
70.494016,60,227.855985
59.471952,60,228.152065
58.985749,60,228.428062
69.761415,60,228.720066
4.825116,60,228.970358
91.262045,60,229.213769
46.52208,60,229.458674
85.217391,60,229.672949
49.261854,60,229.895962
80.413332,60,230.122292
71.787327,44,230.310263
66.628861,60,230.541919
53.787741,60,230.764279
138.788255,45,230.953094
32.187741,60,231.225235
79.306869,50,231.452745
77.316568,60,231.711323
69.528124,60,231.986353
100.80666,60,232.220621
45.846417,60,232.457228
76.086957,20,232.585855
71.128758,60,232.820901
35.426769,60,233.094024
79.151734,60,233.565927
102.05429,60,233.867656
48.645276,60,234.101007
53.837054,60,234.315978
98.067633,60,234.5508
40.62472,60,234.768597
54.446431,60,234.9882
110.244306,60,235.206946
-0.456221,60,235.411775
97.192547,60,235.644056
81.80943,60,235.878861
61.427314,60,236.175069
75.691452,60,236.457983
59.514603,60,236.691872
40.706713,60,236.955368
56.993895,60,237.216381
77.907485,60,237.487138
66.820326,44,237.723244
108.012994,60,238.003381
92.173913,60,238.290482
57.320232,10,238.44777
76.002041,60,238.72784
35.24287,60,238.990038
64.832704,12,239.142279
68.545192,60,239.398476
89.300725,60,239.66225
97.937175,36,239.880623
62.638835,17,240.043113
70.309433,60,240.335116
3.835234,60,240.624528
71.128758,60,240.890372
105.299717,60,241.182532
70.973913,60,241.453802
91.206446,60,241.733516
53.319794,3,241.869589
94.532781,31,242.073627
106.277031,47,242.301881
29.884492,60,242.578282
86.054971,41,242.804244
48.147906,60,243.286858
67.341721,60,243.562926
102.668791,60,243.819732
88.695652,60,244.080466
97.747383,50,244.314921
107.176201,36,244.524286
49.270632,60,244.7906
73.840941,60,245.095301
91.091131,46,245.334925
102.05429,60,245.614714
85.558167,60,245.89037
82.287317,60,246.199195
62.251208,60,246.529269
56.965975,60,246.850398
112.621578,60,247.139409
82.518719,60,247.359135
64.778816,60,247.662555
59.527532,60,247.909197
59.466341,60,248.184516
60.999732,60,248.448979
49.567184,60,248.726221
56.993895,60,248.990315
72.426593,60,249.269861
64.783515,60,249.578552
92.316984,60,249.908199
63.47182,60,250.215871
48.368249,60,250.529261
96.10984,28,250.75203
20.692572,60,251.013322
82.896772,22,251.172902
76.780586,60,251.436852
80.980237,60,251.756813
50.605652,60,252.052126
80.55243,60,252.319623
72.812226,60,252.57828
92.706576,60,252.860878
96.965922,60,253.292953
48.926368,60,253.537566
59.940793,60,253.802058
93.395537,60,254.061072
65.394887,60,254.327097
55.006372,60,254.582972
55.339366,60,254.840603
81.147274,60,255.08587
69.959736,60,255.315315
46.335694,60,255.562165
100.512189,60,255.815845
87.321494,60,256.07801
80.837016,60,256.314593
49.137024,60,256.600746
89.955785,60,256.86262
89.086534,60,257.135082
55.133442,60,257.385431
91.391304,36,257.58146
57.061097,60,257.833475
98.688365,60,258.093134
30.061788,60,258.351377
105.993898,60,258.632621
38.136516,60,258.916795
29.348026,60,259.220378
98.379331,44,259.446749
78.347826,60,259.720251
109.096564,59,259.970328
64.86631,60,260.239266
115.442206,60,260.487321
78.1454,29,260.645832
82.57661,60,260.923804
50.597053,60,261.198332
48.224274,60,261.471156
98.361037,60,261.741692
102.6698,60,262.000079
66.101906,60,262.464589
93.283644,60,262.759331
51.186612,60,263.087736
66.996511,60,263.381039
60.437215,60,263.64321
98.117647,30,263.833727
42.016588,60,264.09512
94.079242,54,264.327807
57.099273,10,264.460799
59.143277,60,264.687129
67.82164,60,264.920022
9.798118,60,265.166496
85.550914,60,265.400996
110.413312,60,265.616839
62.400586,20,265.756942
100.980642,60,265.996281
68.598083,60,266.243837
71.775472,60,266.518596
41.039186,60,266.768007
56.102244,60,266.981354
71.804845,60,267.214519
98.371553,60,267.452899
58.596564,60,267.658081
53.374743,60,267.876162
131.802263,40,268.076646
52.284936,60,268.311469
97.192547,60,268.532348
112.495389,60,268.762156
62.17938,60,268.971222
116.434783,60,269.183889
58.898552,60,269.394245
74.609199,60,269.595556
102.020908,60,269.806307
110.879795,60,270.020514
77.607954,34,270.175231
99.758963,60,270.395363
58.192278,60,270.650844
86.695652,60,271.128894
46.206023,60,271.391086
75.079554,60,271.635632
72.062501,60,271.876086
101.622676,60,272.128458
96.499776,52,272.344424
108.07221,60,272.586892
72.532904,60,272.829405
59.605101,60,273.060805
65.830439,60,273.286343
84.768086,60,273.563977
44.609898,60,273.840297
64.249709,60,274.069481
44.108049,60,274.300773
79.600105,60,274.554638
81.909415,60,274.817204
66.915706,60,275.11087
81.448161,60,275.412036
41.562248,60,275.710289
65.336762,60,276.01681
65.541635,60,276.347057
98.956461,60,276.682743
58.812226,60,277.001969
72.356564,60,277.295211
75.877038,60,277.56573
99.402834,60,277.845291
45.732111,60,278.123045
53.096954,60,278.400019
60.461604,17,278.574637
74.649842,52,278.808037
60.830711,60,279.077238
90.536927,48,279.304648
66.354193,33,279.50751
81.595908,60,279.776701
61.713124,60,280.033653
63.091621,60,280.2925
85.944947,31,280.463163
66.956522,60,280.887259
115.16165,60,281.154064
62.949778,60,281.419935
55.585015,60,281.706795
13.915735,60,281.987482
61.581809,60,282.26756
77.446896,60,282.555914
115.923648,50,282.764833
99.04161,60,283.036704
76.780586,60,283.292417
56.136732,60,283.547551
39.874698,60,283.775701
63.188179,60,284.025081
59.220779,60,284.27089
45.620458,60,284.497414
87.773047,60,284.755343
89.330496,60,284.98651
98.26274,60,285.227453
-7.508359,60,285.478355
79.446448,60,285.693257
62.704709,17,285.852579
66.536053,60,286.09444
22.974743,60,286.304689
80.0,60,286.524247
62.360643,60,286.767725
99.217391,60,287.035325
91.123188,60,287.244933
65.012699,60,287.47799
69.261048,60,287.713083
103.948907,60,287.970606
100.419437,60,288.208186
80.385199,60,288.465573
49.132867,60,288.755861
112.971867,60,289.04113
125.168222,50,289.276366
82.799196,38,289.664895
73.569865,60,289.894444
82.437349,33,290.070607
41.538294,60,290.297127
84.076655,60,290.538429
68.515014,60,290.762988
12.792063,60,291.009965
62.808859,60,291.248529
56.421982,60,291.505188
98.783564,60,291.754601
71.200828,17,291.888901
122.621904,60,292.142989
39.212226,60,292.379577
84.441933,48,292.596532
48.083755,60,292.814275
66.956522,60,293.0476
59.644726,60,293.280032
55.68046,60,293.539501
94.239682,31,293.713781
63.685733,60,293.971404
70.47887,60,294.247452
53.843006,60,294.503929
113.884756,60,294.768468
50.660494,60,295.034117
81.343393,60,295.309187
26.820848,60,295.604884
86.531061,60,295.911505
97.192547,60,296.200853
81.580277,21,296.380761
43.96956,60,296.650142
78.192399,24,296.812306
79.106852,60,297.062864
96.965922,60,297.276895
50.112951,60,297.511145
66.610663,60,297.750921
56.158176,60,297.957955
115.879666,60,298.180819
29.659532,60,298.593811
55.643505,60,298.861636
80.437215,60,299.157054
17.247555,60,299.392828
51.13939,60,299.590178
37.189278,60,299.819099
73.110789,60,300.060484
104.916567,60,300.321614
81.909415,60,300.552048
52.935576,60,300.812121
101.35191,60,301.099967
67.10854,60,301.393407
62.949778,60,301.686426
-13.390623,60,301.984921
63.047903,60,302.262942
78.640963,54,302.537452
98.897537,44,302.775955
91.123188,60,303.075227
84.730189,60,303.384692
98.016967,60,303.658218
53.73634,60,303.939026
87.685349,60,304.249727
111.956522,60,304.549829
89.098039,29,304.762225
79.51825,60,305.063938
36.719868,60,305.35323
48.978881,60,305.655947
73.280433,60,305.977976
64.696284,60,306.311532
68.732828,60,306.655852
44.108049,60,306.993542
95.06463,60,307.314959
98.509309,60,307.620728
68.598083,60,307.932756
55.643505,60,308.235942
99.843638,37,308.459663
72.062501,60,308.925016
103.769852,60,309.201427
110.237872,55,309.461702
62.895559,60,309.741145
90.434783,60,310.032175
96.965922,60,310.276443
75.953395,60,310.535585
121.490019,60,310.812955
55.721925,60,311.042836
102.673451,60,311.270748
62.477663,60,311.561454
88.829849,60,311.812813
56.772733,27,311.975373
108.373678,60,312.249261
48.132011,60,312.519014
65.608491,60,312.773964
49.073126,60,313.037253
56.220104,60,313.303419
115.220095,50,313.556437
48.122966,60,313.846006
63.942246,32,314.05574
94.71784,60,314.336019
78.454686,35,314.554327
126.130435,46,314.758624
92.124765,50,314.976513
81.93245,35,315.138947
122.306569,60,315.369872
56.612024,5,315.494761
36.079757,60,315.750322
98.509309,60,316.007069
69.701115,60,316.267455
66.687215,60,316.543949
51.670094,60,316.843352
81.79988,60,317.120324
100.443082,60,317.405481
88.695652,60,317.674448
29.305016,60,317.95651
53.007271,60,318.412602
34.810861,60,318.661429
101.62806,54,318.887921
59.931172,11,319.030528
76.888889,60,319.329325
42.926368,60,319.623504
72.175862,60,319.939136
98.519159,60,320.24938
81.283271,60,320.560444
34.254817,60,320.871223
88.644771,60,321.176761
106.695652,60,321.488339
56.820232,11,321.662303
103.877919,60,321.969611
76.54572,60,322.299649
96.965922,60,322.619842
106.369941,55,322.903097
58.250482,60,323.15296
76.54572,60,323.455557
46.079802,60,323.735435
35.573381,60,324.027568
120.608696,49,324.279144
100.509062,54,324.540153
63.188179,60,324.82117
51.552967,60,325.104067
85.671039,60,325.375662
97.082016,41,325.603408
88.623978,60,325.891385
65.551163,60,326.158227
59.413868,60,326.435012
18.962749,60,326.714208
93.913043,60,327.020924
75.050952,60,327.315589
28.688053,60,327.612558
111.085896,60,327.919385
93.913043,60,328.196427
26.429617,60,328.463137
67.31962,60,328.899297
82.211492,60,329.179592
51.733321,60,329.45127
96.025575,30,329.636063
102.65743,60,329.906825
87.685751,60,330.168524
41.142084,60,330.421316
57.704315,33,330.620791
21.927581,60,330.912025
39.212226,60,331.184298
51.33917,60,331.433414
50.157685,60,331.685426
19.752141,60,331.911329
85.284146,41,332.109967
62.949778,60,332.344461
77.619106,60,332.577807
59.313086,60,332.828883
74.270526,60,333.098035
118.724638,60,333.370249
11.730611,60,333.637057
67.686078,60,333.897072
102.511509,60,334.135373
112.742685,60,334.389773
107.795676,60,334.658373
74.091888,51,334.856838
98.843373,60,335.120277
48.926368,60,335.366015
26.910657,60,335.619195
92.945652,60,335.904694
42.016588,60,336.203159
54.58034,4,336.351965
52.373063,60,336.650157
63.239946,60,336.978455
33.156451,60,337.238176
109.717391,60,337.47264
102.563458,60,337.719455
62.210493,60,338.127684
48.748903,60,338.396111
49.654789,60,338.640733
53.232871,60,338.864915
52.793771,60,339.078817
100.526476,50,339.263572
91.262045,60,339.482493
-5.689118,60,339.724046
35.621386,60,339.937988
68.598083,60,340.178882
85.217391,60,340.394448
87.60932,60,340.627204
81.308712,24,340.770463
99.643892,60,341.007148
62.151433,13,341.133964
53.787741,60,341.391681
72.771602,60,341.607272
42.037215,60,341.849427
88.897837,60,342.082056
61.916774,60,342.340523
34.37323,60,342.597119
78.196078,60,342.837659
81.73913,60,343.085442
70.494016,60,343.34865
103.076554,60,343.601376
81.669409,60,343.866514
56.999732,60,344.109465
4.292948,60,344.355259
83.478261,60,344.582813
93.913043,60,344.829361
29.884492,60,345.017258
65.394887,60,345.237497
77.303634,29,345.377749
70.892961,60,345.575195
71.546689,60,345.76719
91.278897,60,345.95945
79.846337,60,346.156098
114.347826,53,346.500705
69.633152,60,346.746676
113.884756,60,346.973526
66.988071,60,347.172282
56.102244,60,347.420849
75.113233,60,347.670663
97.391304,60,347.941002
51.181479,48,348.149743
82.518719,60,348.377143
98.413043,60,348.607643
75.079554,60,348.846387
63.704296,60,349.069421
65.864616,60,349.296278
74.801932,60,349.519968
52.286552,60,349.708092
88.695652,60,349.920242
46.684492,60,350.12244
92.057595,23,350.237012
118.080352,60,350.419296
81.73913,60,350.615749
96.085053,60,350.838121
81.887136,60,351.047716
79.154075,24,351.170584
75.597327,28,351.312243
87.685751,60,351.525635
62.895559,60,351.751336
66.28554,19,351.8839
34.711862,60,352.123264
58.867888,60,352.367723
56.31691,60,352.565886
96.714598,60,352.779974
40.917031,60,352.994803
64.249709,60,353.22539
131.525118,57,353.443999
68.561438,60,353.700873
104.904348,53,353.961182
64.777533,60,354.24628
30.782042,60,354.716614
66.18857,60,355.002435
40.978234,60,355.309393
77.869487,60,355.588587
106.004141,60,355.848527
70.707485,60,356.109636
78.606111,60,356.402485
60.126527,60,356.708741
57.32279,60,356.995713
49.633895,60,357.308617
78.868205,50,357.579488
68.965591,60,357.87402
3.776463,60,358.119897
84.517497,60,358.412516
70.51483,60,358.690346
72.525127,60,358.958086
78.152798,60,359.204082
64.337394,25,359.376117
99.402834,60,359.644967
37.286746,60,359.91957
78.07233,29,360.110597
131.73913,58,360.367402
70.467627,41,360.557056
27.891297,60,360.817604
53.900987,60,361.073366
113.973644,57,361.318861
97.52381,60,361.594059
49.64543,60,361.860288
75.129059,60,362.136273
64.777533,60,362.406404
47.120415,60,362.648148
28.688053,60,362.886875
88.26087,29,363.064598
77.467788,28,363.223137
106.387005,60,363.465425
103.236193,34,363.639348
43.525298,60,363.892279
57.815064,60,364.267589
75.909198,60,364.500419
100.866475,60,364.748637
70.898552,60,365.028344
75.953395,60,365.301442
110.497357,54,365.561777
30.189298,60,365.829128
72.374698,60,366.148218
27.706424,60,366.471804
76.558462,36,366.716848
86.956522,60,367.048412
81.73913,60,367.338994
94.891862,60,367.64771
62.949778,60,367.905237
4.204516,60,368.140033
10.072535,60,368.382703
72.077666,60,368.609071
30.942479,60,368.868833
51.13939,60,369.109744
90.783789,60,369.360342
38.271493,60,369.597322
139.155376,60,369.832431
73.580773,60,370.09058
67.874698,60,370.356043
86.513369,52,370.580384
54.250257,60,370.847175
117.464883,60,371.112779
71.344707,60,371.390527
45.620458,60,371.670133
70.413667,60,371.950971
85.505991,60,372.216663
103.267081,60,372.496428
74.209213,20,372.680552
51.207105,60,372.990218
34.698794,60,373.277522
99.130435,60,373.7312
80.379259,43,373.956684
23.897192,60,374.18915
96.965922,60,374.447151
63.220006,60,374.670962
91.826087,60,374.914605
67.07708,60,375.174964
135.600762,60,375.436323
80.716229,23,375.602099
63.481983,60,375.869939
58.663936,60,376.120222
70.913616,18,376.255494
58.141977,60,376.487199
71.679904,60,376.706342
79.979223,60,376.915754
4.138112,60,377.125193
112.315836,43,377.308875
-1.047805,60,377.518021
35.356051,60,377.763761
46.10341,60,377.973022
84.012629,60,378.18303
74.37076,60,378.393457
54.446431,60,378.63003
77.478893,60,378.851861
90.957396,60,379.079177
84.862859,60,379.329293
94.064073,60,379.607142
27.494415,60,379.885053
31.482586,60,380.183107
93.017583,60,380.438519
56.903383,60,380.691041
38.995577,60,380.963235
43.758352,60,381.226504
108.557202,60,381.518173
60.830711,60,381.792667
72.603552,36,381.998561
76.478073,60,382.314046
-0.42005,60,382.807852
54.795164,60,383.116611
52.449373,60,383.408719
11.782466,60,383.692941
19.179851,60,383.978863
60.985037,29,384.171466
113.86115,59,384.429005
103.451975,60,384.684395
71.056968,60,384.933584
61.283149,60,385.213608
103.909823,60,385.475013
58.512449,60,385.727603
82.57594,60,385.945548
-2.543147,60,386.195587
123.836251,60,386.478092
105.08393,60,386.754843
39.823118,60,386.988522
101.837274,60,387.254605
100.992142,60,387.509684
63.798867,14,387.651383
97.07308,60,387.908083
94.740831,60,388.137741
46.029617,60,388.375807
110.244306,60,388.628956
3.505105,60,388.903666
97.823088,60,389.172868
88.979456,60,389.398703
88.479364,60,389.646067
81.887136,60,389.908877
75.691452,60,390.186287
88.395567,60,390.452112
112.971867,60,390.709024
105.923308,60,390.957109
59.313086,60,391.190745
13.134711,60,391.406107
46.645062,60,391.796357
97.454316,60,392.055932
43.885953,60,392.314263
71.444663,60,392.587368
47.581242,60,392.802728
76.486509,42,393.010637
27.352317,60,393.225277
52.790619,60,393.46629
59.605101,60,393.685797
67.874698,60,393.961516
83.574879,60,394.226935
83.841071,35,394.402937
88.446127,60,394.634342
95.652174,60,394.885456
77.865613,60,395.137997
59.203614,23,395.310377
78.713131,60,395.582404
71.098831,60,395.85945
90.434783,60,396.177081
69.925672,60,396.503266
58.504835,60,396.828629
114.042145,60,397.141668
100.095985,60,397.399519
93.524027,60,397.602366
96.846632,60,397.855231
38.271493,60,398.096756
79.308924,60,398.356843
60.299474,60,398.575739
86.709777,60,398.801473
40.067411,60,399.02654
26.746195,60,399.258035
88.466518,47,399.474332
86.565567,26,399.662308
68.647343,60,399.905361
94.337178,60,400.204423
43.449709,60,400.522119
135.210781,56,400.793097
64.518847,60,401.246404
46.591143,60,401.522644
64.959866,13,401.67714
53.964221,60,401.93742
75.885143,60,402.198436
73.176924,60,402.440129
105.25006,60,402.713085
59.116924,60,402.973933
55.498664,60,403.236563
33.351158,60,403.497982
91.08323,60,403.74421
69.821803,49,403.98242
121.499718,60,404.246054
90.754184,60,404.499575
54.309749,10,404.640673
51.747909,60,404.908273
79.73546,60,405.165502
25.126425,60,405.418916
210.809766,60,405.698057
76.450826,60,405.965012
90.570154,41,406.171224
46.843034,60,406.417431
98.695652,35,406.617528
57.855204,8,406.751989
72.889894,60,407.024861
48.748903,60,407.257898
29.834434,60,407.543544
55.643505,60,407.800903
51.703799,60,408.075739
111.36646,60,408.322563
110.530969,60,408.564442
49.137024,60,408.821301
107.405711,60,409.081372
79.789939,60,409.323961
51.186612,60,409.573475
109.056371,60,409.815467
75.406552,60,410.07456
93.101449,60,410.513092
60.62472,60,410.782869
76.590433,60,411.062024
56.049236,60,411.323493
92.843737,60,411.582279
114.658762,60,411.824089
111.316938,53,412.056363
51.552967,60,412.279788
96.836376,47,412.487953
77.008643,60,412.718611
56.556972,60,412.953013
106.004141,60,413.176601
96.207626,39,413.378128
94.909699,60,413.636529
47.167584,60,413.909374
98.867215,60,414.176396
115.735875,46,414.398609
81.659857,46,414.621089
88.221641,49,414.841332
56.866101,60,415.103811
45.326912,60,415.36253
58.614731,60,415.630131
87.773047,60,415.886739
63.481983,60,416.128201
115.809576,60,416.37373
65.870964,15,416.523136
95.816205,41,416.737986
85.246377,60,417.000333
99.438323,45,417.195784
73.431188,60,417.458006
94.455757,60,417.697557
114.46307,38,417.894323
59.46127,60,418.154842
79.312181,60,418.406839
90.434783,60,418.6511
97.594203,27,418.840172
61.419169,60,419.08116
86.956522,60,419.339074
117.538932,60,419.758058
62.36663,60,420.015176
61.557658,60,420.309556
80.413332,60,420.554978
56.652783,60,420.80318
34.559928,60,421.039177
100.83542,60,421.316096
124.016954,60,421.591256
103.117577,51,421.805671
56.544245,60,422.062519
50.167079,60,422.316849
94.999076,45,422.525774
54.501288,60,422.776673
40.62472,60,423.019343
53.416421,60,423.257852
59.616557,60,423.501315
63.970121,60,423.740836
8.890991,60,424.006017
112.364389,60,424.251279
23.721529,60,424.496284
102.604743,60,424.769402
43.931969,60,425.060398
38.445732,60,425.329067
49.622058,60,425.624813
78.556017,60,425.931407
65.905815,60,426.257955
83.256593,60,426.594061
79.979778,60,426.926941
44.57291,60,427.204976
80.744857,45,427.433674
70.373293,60,427.699977
70.643929,60,428.00936
80.413332,60,428.318085
40.524584,60,428.65279
92.173913,60,428.997339
53.508601,60,429.520686
70.868243,55,429.792566
84.548971,51,430.047318
28.732867,60,430.333787
68.8649,60,430.612778
64.783515,60,430.891798
94.563065,60,431.201216
79.979778,60,431.495054
61.099347,60,431.800977
7.406114,60,432.10805
99.861069,60,432.403157
74.35917,60,432.695331
70.212725,60,432.968532
42.865449,60,433.247642
72.426593,60,433.49233
69.634783,60,433.739205
73.498867,28,433.907043
56.890991,60,434.208804
35.621386,60,434.476351
31.651977,60,434.730874
38.404802,60,434.984524
102.6359,60,435.262307
13.62442,60,435.553329
93.3395,60,435.843152
106.004141,60,436.0935
67.805636,60,436.346591
75.432109,60,436.614639
62.725493,60,436.887465
85.279032,60,437.176106
40.941926,60,437.463973
63.06872,60,437.756666
55.017825,60,438.043628
53.943403,60,438.315127
35.356051,60,438.56403
38.314448,60,438.981644
56.999732,60,439.269998
85.14258,60,439.545179
70.494016,60,439.798688
102.489272,48,440.018342
128.509317,60,440.320171
96.373072,60,440.584653
87.685751,60,440.834888
74.356089,60,441.07487
44.477992,60,441.303705
73.481452,60,441.525647
24.126368,60,441.744801
110.79499,60,441.97719
53.556801,60,442.23833
102.65743,60,442.484922
48.704603,60,442.715158
73.598392,60,442.959941
62.763707,60,443.214235
60.831129,60,443.431371
88.677842,22,443.558128
68.780152,60,443.790722
105.111319,43,443.967705
64.218888,60,444.194588
66.062204,60,444.414019
62.808859,60,444.639615
-1.648659,60,444.856349
83.326632,60,445.096078
67.389206,29,445.273472
101.949889,60,445.495996
68.436537,26,445.644808
69.906763,60,445.888565
67.967914,60,446.112845
106.610122,60,446.342957
69.261048,60,446.560283
75.504409,60,446.78344
75.260433,60,446.999637
66.532477,60,447.222654
91.278897,60,447.603213
81.680403,60,447.843433
71.362319,60,448.086429
97.179191,34,448.271525
76.780586,60,448.526375
64.791387,60,448.741524
58.04487,60,448.964949
64.258285,60,449.20265
46.029617,60,449.428983
80.545089,60,449.65392
67.243497,60,449.875172
113.222974,54,450.084377
114.675889,60,450.322109
52.76878,60,450.543106
78.224324,60,450.77015
2.660058,60,451.006084
73.994337,60,451.262641
64.46906,60,451.494631
92.219186,49,451.712927
27.581242,60,451.955604
47.204807,60,452.184717
92.776628,60,452.397388
173.851615,60,452.61064
106.004141,60,452.858445
77.756098,60,453.085587
124.819222,44,453.275189
93.788126,60,453.500438
92.9699,31,453.657497
101.35191,60,453.884448
98.209821,55,454.099285
57.795809,60,454.321527
66.825406,60,454.544262
95.786561,60,454.804683
60.4662,60,455.069731
44.477992,60,455.326007
104.582661,60,455.697867
62.628279,60,455.963071
64.381306,60,456.275994
63.864803,60,456.57941
76.698821,27,456.792676
6.953568,60,457.088131
68.295652,60,457.37737
138.2596,60,457.602356
90.111313,51,457.79909
111.849026,60,458.061288
41.138853,60,458.318874
56.918506,60,458.554353
90.095482,60,458.776687
55.721925,60,459.006884
104.841141,60,459.28312
53.787741,60,459.562792
82.101515,60,459.781359
58.159879,60,460.03153
12.818061,60,460.276909
73.2622,60,460.499987
63.738472,59,460.706565
110.244306,60,460.942271
59.838877,50,461.166799
112.334944,54,461.368885
87.105299,41,461.565586
56.003787,60,461.816979
88.397356,60,462.077568
18.480202,60,462.313525
118.442947,51,462.550867
117.620361,60,462.769051
44.477992,60,462.995198
44.960404,60,463.17066
30.311649,60,463.356949
75.129059,60,463.558255
103.807424,59,463.745797
100.582022,60,463.967215
69.914338,60,464.321047
65.458494,52,464.524647
77.318841,60,464.759593
96.965922,60,465.001541
112.419169,58,465.23866
81.147274,60,465.512929
125.168222,43,465.736945
70.769231,60,465.967083
79.905772,60,466.208234
67.916051,60,466.436742
7.289813,60,466.686298
41.529117,60,466.887918
99.371981,60,467.099653
25.35106,60,467.297111
106.695652,60,467.524282
71.496998,60,467.750297
70.494016,60,467.980057
80.464829,60,468.225871
27.581242,60,468.451106
60.330587,42,468.608807
72.914902,56,468.78444
76.495753,60,468.957362
61.739609,60,469.200703
57.841929,60,469.450619
104.168218,38,469.650261
112.645387,51,469.866843
100.662133,60,470.065592
70.239956,60,470.286856
92.562204,60,470.493977
52.294571,60,470.716132
62.477663,60,470.9297
62.719633,60,471.106536
97.937304,51,471.276296
50.188151,60,471.498532
46.029617,60,471.704646
86.116619,55,471.895949
